"CWNS_ID","FACILITY_ID","STATE_CODE","DISCHARGE_TYPE","PRESENT_DISCHARGE_PERCENTAGE","PROJECTED_DISCHARGE_PERCENTAGE","DISCHARGES_TO_CWNSID"
"06002085001",1175342,"CA","Discharge To Another Facility",100,100,"06002015001"
"06005078001",1175596,"CA","Outfall To Surface Waters",40,40,""
"06005078001",1175596,"CA","Deep well disposal (UIC Class I)",30,30,""
"06005078001",1175596,"CA","Reuse: Landscape-related irrigation",30,30,""
"06005300001",1175756,"CA","Evaporation",100,100,""
"06006002001",1175855,"CA","Reuse: Agricultural-related and livestock watering",100,100,""
"06009008001",1176039,"CA","Discharge To Another Facility",100,100,"06009031001"
"06002122001",1175356,"CA","Discharge To Another Facility",100,100,"06002125001"
"06003027001",1175394,"CA","Outfall To Surface Waters",80,80,""
"06005040001",1175560,"CA","Outfall To Surface Waters",100,100,""
"06005197001",1175701,"CA","Evaporation",100,100,""
"06005421001",1175804,"CA","Outfall To Surface Waters",100,100,""
"06008033001",1175988,"CA","Outfall To Surface Waters",100,100,""
"06001027001",1175195,"CA","Reuse: Irrigation",40,40,""
"06001042001",1175207,"CA","Evaporation",20,20,""
"06005107001",1175639,"CA","Evaporation",40,40,""
"06005282001",1175749,"CA","Evaporation",100,100,""
"06005607001",1175831,"CA","Reuse: Agricultural-related and livestock watering",100,100,""
"06009068002",1176092,"CA","Deep well disposal (UIC Class I)",100,100,""
"06001013001",1175183,"CA","Evaporation",100,100,""
"06001045001",1175209,"CA","Outfall To Surface Waters",25,25,""
"06008006001",1175950,"CA","Reuse: Landscape-related irrigation",60,60,""
"06000000106",3607985,"CA","Discharge To Another Facility",100,100,"06004009010"
"06008015001",1175965,"CA","Discharge To Another Facility",55,50,"06008016003"
"06002036001",1175294,"CA","Discharge To Another Facility",0,0,"06000000114"
"06000000140",3608711,"CA","Evaporation",100,100,""
"06002072001",1175334,"CA","Ocean Discharge",100,100,""
"06008010003",1175961,"CA","Discharge To Another Facility",18,18,"06008010005"
"06008010003",1175961,"CA","Discharge To Another Facility",14,14,"06008010006"
"06009049001",1176086,"CA","Discharge To Another Facility",7,7,"06009031004"
"06005693001",1175847,"CA","Evaporation",30,30,""
"06000000311",3613059,"CA","Reuse: Environmental restoration and groundwater discharge",0,100,""
"06009074001",1176093,"CA","Reuse: Landscape-related irrigation",100,100,""
"06003060001",1175427,"CA","Reuse: Agricultural-related and livestock watering",40,40,""
"06002033001",1175290,"CA","Reuse: Landscape-related irrigation",30,30,""
"06002121001",1175355,"CA","Reuse: Landscape-related irrigation",22,22,""
"06000000201",3609599,"CA","Discharge To Another Facility",100,100,"06004009002"
"06009041001",1176079,"CA","Reuse: Landscape-related irrigation",0,25,""
"06002008001",1175269,"CA","Reuse: Agricultural-related and livestock watering",5,5,""
"06000000073",3607081,"CA","Ocean Discharge",80,80,""
"06009047001",1176085,"CA","Discharge To Another Facility",50,50,"06009028001"
"06009007001",1176038,"CA","Discharge To Another Facility",7,7,"06009031004"
"06008004001",1175948,"CA","Discharge To Another Facility",100,100,"06000000105"
"06000000177",3609215,"CA","Discharge To Another Facility",100,100,"06009031002"
"06001085001",1175236,"CA","Evaporation",100,100,""
"06001035001",1175201,"CA","Reuse: Environmental restoration and groundwater discharge",100,100,""
"06008010004",3486590,"CA","Outfall To Surface Waters",60,60,""
"06004010001",1175491,"CA","Reuse: Landscape-related irrigation",0,100,""
"06000000137",3608581,"CA","Evaporation",100,100,""
"06005265001",1175744,"CA","Overland Flow With Discharge",33,33,""
"06000203200",3509698,"CA","Discharge To Another Facility",0,0,"06002032002"
"06000000112",3608022,"CA","Discharge To Another Facility",100,100,"06004009009"
"06003019001",1175386,"CA","Outfall To Surface Waters",100,100,""
"06001007001",1175174,"CA","Outfall To Surface Waters",100,100,""
"06005014001",1175536,"CA","Reuse: Irrigation",100,100,""
"06005200001",1175704,"CA","Outfall To Surface Waters",100,100,""
"06005366001",1175793,"CA","Reuse: Irrigation",100,100,""
"06006001001",1175854,"CA","Discharge To Another Facility",100,100,"06008027001"
"06006049001",1175898,"CA","Evaporation",100,100,""
"06008060001",1176008,"CA","Discharge To Another Facility",100,100,"06008023001"
"06008071001",1176017,"CA","Discharge To Another Facility",100,100,"06008023003"
"06001027001",1175195,"CA","Outfall To Surface Waters",60,60,""
"06005082016",1175604,"CA","Reuse: Landscape-related irrigation",100,100,""
"06005094001",1238819,"CA","Reuse: Agricultural-related and livestock watering",100,100,""
"06000000301",3612652,"CA","Ocean Discharge",0,100,""
"06005325001",1175771,"CA","Reuse: Irrigation",40,40,""
"06000000104",3607926,"CA","Discharge To Another Facility",100,100,"06002036001"
"06009019002",1176051,"CA","Discharge To Another Facility",42,42,"06009006001"
"06000000155",3608951,"CA","Discharge To Another Facility",100,100,"06004009001"
"06005012001",1175534,"CA","Evaporation",40,40,""
"06005283001",3106372,"CA","Evaporation",100,100,""
"06006004001",1175857,"CA","Reuse: Irrigation",42,42,""
"06009075001",1176094,"CA","Ocean Discharge",20,20,""
"06000000132",3608439,"CA","Reuse: Potable",0,100,""
"06005284001",1175750,"CA","Evaporation",50,50,""
"06003061001",1175428,"CA","Discharge To Another Facility",0,20,"06000000313"
"06000000109",3608001,"CA","Discharge To Another Facility",100,100,"06006009001"
"06008022001",1175976,"CA","Discharge To Another Facility",4,4,"06000000090"
"06002081001",1175339,"CA","Ocean Discharge",100,100,""
"06005061001",1238816,"CA","Reuse: Environmental restoration and groundwater discharge",20,20,""
"06002040001",1175298,"CA","Reuse: Landscape-related irrigation",27,27,""
"06005204001",1175707,"CA","Evaporation",20,20,""
"06000000214",3610513,"CA","Discharge To Another Facility",75,75,"06005107001"
"06000000214",3610513,"CA","Discharge To Another Facility",25,25,"06005065001"
"06005064001",1175585,"CA","Reuse: Environmental restoration and groundwater discharge",30,30,""
"06002032004",442052,"CA","Reuse: Landscape-related irrigation",0,42,""
"06000000087",3607695,"CA","Discharge To Another Facility",100,100,"06002120001"
"06000000100",3607879,"CA","Discharge To Another Facility",50,50,"06000000099"
"06004010005",1175495,"CA","Discharge To Another Facility",25,25,"06004010004"
"06002023001",1175281,"CA","Reuse: Irrigation",5,5,""
"06002082001",1175340,"CA","Outfall To Surface Waters",100,100,""
"06003080001",1175444,"CA","Evaporation",100,100,""
"06005158001",1175676,"CA","Evaporation",100,100,""
"06006020001",1175875,"CA","Discharge To Another Facility",100,100,"06006008001"
"06007002001",1175909,"CA","Outfall To Surface Waters",100,100,""
"06008034001",1175989,"CA","Reuse: Irrigation",34,34,""
"06009006001",1176037,"CA","Reuse: Irrigation",20,20,""
"06009019001",1176050,"CA","Ocean Discharge",100,100,""
"06001030001",1175198,"CA","Discharge To Another Facility",100,100,"06001045001"
"06002041001",1175299,"CA","Outfall To Surface Waters",90,90,""
"06002041001",1175299,"CA","Reuse: Irrigation",10,10,""
"06002155001",1175365,"CA","Ocean Discharge",100,100,""
"06003049001",1175417,"CA","Reuse: Irrigation",50,50,""
"06003072001",1175440,"CA","Reuse: Irrigation",100,100,""
"06005145001",1175665,"CA","Reuse: Irrigation",100,100,""
"06007022001",1175930,"CA","Outfall To Surface Waters",100,100,""
"06008044001",1175998,"CA","Discharge To Another Facility",100,100,"06008023003"
"06002034002",1175292,"CA","Ocean Discharge",100,100,""
"06002047001",1175307,"CA","Ocean Discharge",100,100,""
"06003008001",1175377,"CA","Ocean Discharge",100,100,""
"06003063001",1175430,"CA","Reuse: Environmental restoration and groundwater discharge",30,30,""
"06005071001",1175590,"CA","Evaporation",100,100,""
"06009023001",1176055,"CA","Discharge To Another Facility",100,100,"06009031001"
"06009030001",1176065,"CA","Discharge To Another Facility",100,100,"06009031001"
"06002158001",3484151,"CA","Discharge To Another Facility",100,100,"06002046001"
"06000000124",3608283,"CA","Discharge To Another Facility",0,3,"06000000132"
"06000000103",3607909,"CA","Discharge To Another Facility",6,6,"06009031004"
"06000000103",3607909,"CA","Discharge To Another Facility",16,16,"06009031002"
"06008024001",1175978,"CA","Discharge To Another Facility",100,100,"06000000105"
"06001003001",1175169,"CA","Evaporation",100,100,""
"06001093001",1175240,"CA","Evaporation",100,100,""
"06002023001",1175281,"CA","Outfall To Surface Waters",50,50,""
"06001040001",1175205,"CA","Outfall To Surface Waters",50,50,""
"06001040001",1175205,"CA","Evaporation",50,50,""
"06002074001",1175336,"CA","Outfall To Surface Waters",40,40,""
"06002074001",1175336,"CA","Reuse: Irrigation",58,58,""
"06003012001",1175381,"CA","Ocean Discharge",85,85,""
"06003047001",1175415,"CA","Outfall To Surface Waters",100,100,""
"06004010004",1175494,"CA","Outfall To Surface Waters",66,66,""
"06004010004",1175494,"CA","Reuse: Irrigation",34,34,""
"06005081001",1175598,"CA","Evaporation",20,20,""
"06005081001",1175598,"CA","Reuse: Irrigation",20,20,""
"06005102002",1175625,"CA","Discharge To Another Facility",100,100,"06005421001"
"06005157001",1175675,"CA","Outfall To Surface Waters",60,60,""
"06005157001",1175675,"CA","Reuse: Irrigation",20,20,""
"06005297001",1175754,"CA","Reuse: Irrigation",100,100,""
"06008016001",1175967,"CA","Discharge To Another Facility",100,100,"06008016003"
"06001045001",1175209,"CA","Reuse: Landscape-related irrigation",50,50,""
"06005068001",1175588,"CA","Reuse: Landscape-related irrigation",0,20,""
"06005240001",1175727,"CA","Reuse: Irrigation",0,100,""
"06005204001",1175707,"CA","Outfall To Surface Waters",80,80,""
"06000000295",3612367,"CA","Outfall To Surface Waters",100,100,""
"06003036001",1175401,"CA","Reuse: Irrigation",20,20,""
"06000000296",3612541,"CA","Evaporation",100,100,""
"06012001081",3088272,"CA","Ocean Discharge",100,100,""
"06002074001",1175336,"CA","Reuse: Agricultural-related and livestock watering",2,2,""
"06000000306",3612787,"CA","Discharge To Another Facility",100,100,"06005088002"
"06000000309",3612938,"CA","Evaporation",100,100,""
"06003061001",1175428,"CA","Reuse: Landscape-related irrigation",10,10,""
"06000000124",3608283,"CA","Reuse: Landscape-related irrigation",75,72,""
"06003017001",1238812,"CA","Reuse: Landscape-related irrigation",40,40,""
"06005205001",1175708,"CA","Outfall To Surface Waters",65,65,""
"06000000153",3608861,"CA","Evaporation",0,100,""
"06000000170",3609134,"CA","Discharge To Another Facility",100,100,"06000000171"
"06005184001",1175693,"CA","Reuse: Landscape-related irrigation",35,35,""
"06005654001",1175840,"CA","Evaporation",100,100,""
"06000000065",3606861,"CA","Outfall To Surface Waters",50,50,""
"06000000124",3608283,"CA","Outfall To Surface Waters",0,0,""
"06005081001",1175598,"CA","Outfall To Surface Waters",60,60,""
"06005082001",1238818,"CA","Reuse: Landscape-related irrigation",100,100,""
"06000000091",3607829,"CA","Outfall To Surface Waters",80,80,""
"06009014002",1176046,"CA","Reuse: Landscape-related irrigation",100,100,""
"06003053001",1175421,"CA","Ocean Discharge",100,100,""
"06000000081",3607551,"CA","Reuse: Landscape-related irrigation",90,90,""
"06000000115",3608101,"CA","Ocean Discharge",100,100,""
"06000000167",3609122,"CA","Discharge To Another Facility",100,100,"06000000103"
"06004006001",1175461,"CA","Reuse: Landscape-related irrigation",5,5,""
"06003021001",1175388,"CA","Reuse: Industrial",16,16,""
"06002001001",1175262,"CA","Discharge To Another Facility",100,100,"06000000068"
"06000000083",3607553,"CA","Outfall To Surface Waters",100,75,""
"06000000081",3607551,"CA","Outfall To Surface Waters",10,10,""
"06009046001",1176084,"CA","Discharge To Another Facility",10,10,"06009031002"
"06002108001",1175347,"CA","Reuse: Landscape-related irrigation",42,42,""
"06000000133",3608440,"CA","Discharge To Another Facility",75,75,"06005098001"
"06000000294",3612365,"CA","Evaporation",100,100,""
"06005079001",1175597,"CA","Reuse: Landscape-related irrigation",20,20,""
"06003036001",1175401,"CA","Reuse: Irrigation",80,80,""
"06001045003",1175211,"CA","Reuse: Landscape-related irrigation",30,30,""
"06004044001",1175519,"CA","Outfall To Surface Waters",80,80,""
"06000000305",3612766,"CA","Reuse: Environmental restoration and groundwater discharge",20,20,""
"06005077001",1175595,"CA","Reuse: Industrial",10,10,""
"06005077001",1175595,"CA","Outfall To Surface Waters",10,10,""
"06008100001",1176031,"CA","Ocean Discharge",33,33,""
"06000000075",3607083,"CA","Discharge To Another Facility",100,100,"06009019001"
"06000000131",3608421,"CA","Discharge To Another Facility",57,57,"06002043001"
"06000000149",3608850,"CA","Discharge To Another Facility",100,100,"06004009005"
"06000000126",3608299,"CA","Discharge To Another Facility",100,100,"06004009001"
"06003060001",1175427,"CA","Reuse: Environmental restoration and groundwater discharge",40,40,""
"06001048001",1175214,"CA","Reuse: Environmental restoration and groundwater discharge",100,100,""
"06000000121",3608175,"CA","Discharge To Another Facility",12,12,"06008034001"
"06002118001",1175353,"CA","Reuse: Landscape-related irrigation",78,100,""
"06000000068",3606909,"CA","Ocean Discharge",100,100,""
"06009074002",3334975,"CA","Reuse: Landscape-related irrigation",33,33,""
"06000000091",3607829,"CA","Reuse: Environmental restoration and groundwater discharge",20,20,""
"06000000096",3607867,"CA","Discharge To Another Facility",100,100,"06004009001"
"06000000105",3607961,"CA","Outfall To Surface Waters",100,100,""
"06000000131",3608421,"CA","Discharge To Another Facility",43,43,"06002011001"
"06005004001",1238814,"CA","Reuse: Landscape-related irrigation",0,40,""
"06003037001",1175402,"CA","Reuse: Landscape-related irrigation",10,10,""
"06000000195",3609479,"CA","Reuse: Environmental restoration and groundwater discharge",0,100,""
"06005041001",1175561,"CA","Reuse: Landscape-related irrigation",10,10,""
"06012004008",412595,"CA","Outfall To Surface Waters",100,100,""
"06007030001",1175937,"CA","Evaporation",50,50,""
"06009058001",1176089,"CA","Reuse: Environmental restoration and groundwater discharge",100,100,""
"06003003001",1175374,"CA","Reuse: Environmental restoration and groundwater discharge",100,100,""
"06000000176",3609213,"CA","Discharge To Another Facility",100,100,"06004009002"
"06008029001",1175985,"CA","Reuse: Environmental restoration and groundwater discharge",0,100,""
"06001012001",1175182,"CA","Evaporation",100,100,""
"06005511003",3477617,"CA","Evaporation",100,100,""
"06001038001",1175204,"CA","Outfall To Surface Waters",100,100,""
"06002034001",1175291,"CA","Discharge To Another Facility",100,100,"06002034002"
"06003026001",1175393,"CA","Discharge To Another Facility",100,100,"06003044001"
"06005161001",1175679,"CA","Outfall To Surface Waters",100,100,""
"06000000102",3607908,"CA","Reuse: Potable",0,100,""
"06009031002",1176067,"CA","Discharge To Another Facility",0,75,"06000000102"
"06002036001",1175294,"CA","Reuse: Landscape-related irrigation",5,5,""
"06006009001",1175862,"CA","Reuse: Landscape-related irrigation",60,60,""
"06000000114",3608100,"CA","Ocean Discharge",100,100,""
"06002036001",1175294,"CA","Discharge To Another Facility",0,0,"06000000116"
"06004027001",1175513,"CA","Discharge To Another Facility",35,35,"06000000117"
"06000000125",3608290,"CA","Discharge To Another Facility",100,100,"06000000124"
"06009015003",1176047,"CA","Reuse: Landscape-related irrigation",100,100,""
"06008100001",1176031,"CA","Reuse: Landscape-related irrigation",67,67,""
"06009040001",1176078,"CA","Ocean Discharge",30,30,""
"06005001001",1175523,"CA","Evaporation",50,50,""
"06001099001",1175246,"CA","Reuse: Landscape-related irrigation",100,100,""
"06000000203",3609627,"CA","Discharge To Another Facility",79,79,"06008033001"
"06000000203",3609627,"CA","Discharge To Another Facility",21,21,"06009076001"
"06000000171",3609136,"CA","Outfall To Surface Waters",100,100,""
"06005272001",1175747,"CA","Reuse: Landscape-related irrigation",100,100,""
"06000000168",3609128,"CA","Discharge To Another Facility",100,100,"06004009004"
"06005107001",1175639,"CA","Discharge To Another Facility",60,60,"06005077001"
"06005042003",1175562,"CA","Evaporation",70,70,""
"06005042003",1175562,"CA","Reuse: Agricultural-related and livestock watering",30,30,""
"06005058001",1175577,"CA","Evaporation",100,100,""
"06005315002",1175764,"CA","Evaporation",100,100,""
"06005162001",1175680,"CA","Reuse: Agricultural-related and livestock watering",25,25,""
"06005367001",1175794,"CA","Evaporation",50,50,""
"06005262001",1175743,"CA","Overland Flow, No Discharge",30,30,""
"06005649001",1175839,"CA","Discharge To Another Facility",30,30,"06005227002"
"06000000073",3607081,"CA","Reuse: Landscape-related irrigation",20,20,""
"06008022001",1175976,"CA","Discharge To Another Facility",91,91,"06000000089"
"06005010001",1175530,"CA","Reuse: Landscape-related irrigation",100,100,""
"06009077001",1176096,"CA","Discharge To Another Facility",25,25,"06009075001"
"06009075001",1176094,"CA","Reuse: Landscape-related irrigation",80,80,""
"06005266001",1175745,"CA","Outfall To Surface Waters",100,100,""
"06005347001",1175782,"CA","Outfall To Surface Waters",60,60,""
"06005347001",1175782,"CA","Reuse: Irrigation",40,40,""
"06005681001",1175845,"CA","Outfall To Surface Waters",100,100,""
"06002125002",3509618,"CA","Discharge To Another Facility",100,100,"06002125001"
"06003094001",406088,"CA","Discharge To Another Facility",100,100,"06003081001"
"06005019004",395847,"CA","Evaporation",100,100,""
"06001015001",1175184,"CA","Outfall To Surface Waters",100,100,""
"06001041001",1175206,"CA","Ocean Discharge",100,100,""
"06002012001",1175273,"CA","Outfall To Surface Waters",95,95,""
"06002012001",1175273,"CA","Reuse: Irrigation",5,5,""
"06002025001",1175283,"CA","Outfall To Surface Waters",90,90,""
"06002025001",1175283,"CA","Reuse: Irrigation",10,10,""
"06002049001",1175309,"CA","Discharge To Another Facility",100,100,"06002058001"
"06002063002",1175323,"CA","Ocean Discharge",100,100,""
"06003009001",1175378,"CA","Evaporation",100,100,""
"06003068001",1175436,"CA","Outfall To Surface Waters",100,100,""
"06004010005",1175495,"CA","Discharge To Another Facility",75,75,"06004010001"
"06005022001",1175543,"CA","Reuse: Irrigation",100,100,""
"06005100001",1175620,"CA","Discharge To Another Facility",100,100,"06005121001"
"06005243001",1175729,"CA","Outfall To Surface Waters",100,100,""
"06005299001",1175755,"CA","Evaporation",100,100,""
"06001017002",480835,"CA","Discharge To Another Facility",100,100,"06001017001"
"06004002001",1175457,"CA","Outfall To Surface Waters",100,100,""
"06004017001",1175504,"CA","Reuse: Irrigation",100,100,""
"06005030001",1175552,"CA","Discharge To Another Facility",100,100,"06005197001"
"06005308001",1175759,"CA","Reuse: Environmental restoration and groundwater discharge",100,100,""
"06006012001",1175865,"CA","Evaporation",100,100,""
"06007016001",1175924,"CA","Evaporation",100,100,""
"06009043001",1176082,"CA","Discharge To Another Facility",100,100,"06009011001"
"06001070001",1175229,"CA","Ocean Discharge",100,100,""
"06002026001",1175284,"CA","Discharge To Another Facility",100,100,"06002025001"
"06004003001",1175458,"CA","Outfall To Surface Waters",95,95,""
"06004009009",1175485,"CA","Outfall To Surface Waters",50,50,""
"06004009009",1175485,"CA","Reuse: Industrial",10,10,""
"06004009009",1175485,"CA","Evaporation",30,30,""
"06004009009",1175485,"CA","Reuse: Irrigation",10,10,""
"06005044001",1175564,"CA","Discharge To Another Facility",100,100,"06005077001"
"06005088002",1175609,"CA","Outfall To Surface Waters",90,90,""
"06005106001",1175638,"CA","Overland Flow With Discharge",50,50,""
"06005288001",1175751,"CA","Discharge To Another Facility",100,100,"06005010001"
"06005351001",1175785,"CA","Evaporation",100,100,""
"06006005001",1175858,"CA","Evaporation",70,70,""
"06006005001",1175858,"CA","Reuse: Irrigation",30,30,""
"06007005001",1175911,"CA","Outfall To Surface Waters",100,100,""
"06007032001",1175939,"CA","Reuse: Environmental restoration and groundwater discharge",80,80,""
"06007032001",1175939,"CA","Evaporation",20,20,""
"06008014001",1175964,"CA","Discharge To Another Facility",100,100,"06008023011"
"06008080001",1176025,"CA","Evaporation",100,100,""
"06005080001",1238817,"CA","Reuse: Environmental restoration and groundwater discharge",60,60,""
"06007011001",1238829,"CA","Outfall To Surface Waters",100,100,""
"06005511004",3477631,"CA","Reuse: Landscape-related irrigation",100,100,""
"06002011001",1175272,"CA","Ocean Discharge",100,100,""
"06002064001",1175324,"CA","Outfall To Surface Waters",100,100,""
"06002127001",1175359,"CA","Outfall To Surface Waters",60,60,""
"06002127001",1175359,"CA","Reuse: Irrigation",20,20,""
"06002127001",1175359,"CA","Evaporation",20,20,""
"06003040001",1175407,"CA","Reuse: Environmental restoration and groundwater discharge",100,100,""
"06004007001",1175462,"CA","Outfall To Surface Waters",100,100,""
"06005046001",1175566,"CA","Outfall To Surface Waters",100,100,""
"06005774001",1175850,"CA","Discharge To Another Facility",100,100,"06005025001"
"06007018001",1175927,"CA","Outfall To Surface Waters",100,100,""
"06008027001",1175982,"CA","Reuse: Landscape-related irrigation",100,100,""
"06008085001",1176028,"CA","Outfall To Surface Waters",40,40,""
"06008085001",1176028,"CA","Reuse: Irrigation",60,60,""
"06001056001",3477690,"CA","Evaporation",100,100,""
"06002009001",1175270,"CA","Discharge To Another Facility",100,100,"06002063001"
"06002071001",1175331,"CA","Outfall To Surface Waters",76,76,""
"06002071001",1175331,"CA","Reuse: Landscape-related irrigation",24,24,""
"06003058001",1175426,"CA","Ocean Discharge",100,100,""
"06003070001",1175438,"CA","Evaporation",100,100,""
"06004011010",1175498,"CA","Reuse: Environmental restoration and groundwater discharge",85,85,""
"06004011010",1175498,"CA","Reuse: Irrigation",15,15,""
"06005011001",1175532,"CA","Outfall To Surface Waters",90,90,""
"06005025001",1175546,"CA","Outfall To Surface Waters",100,100,""
"06005025003",1175547,"CA","Discharge To Another Facility",100,100,"06005025001"
"06005097001",1175617,"CA","Evaporation",100,100,""
"06005155001",1175673,"CA","Discharge To Another Facility",100,100,"06005010001"
"06007003001",1175910,"CA","Reuse: Potable",75,75,""
"06005082021",3489196,"CA","Outfall To Surface Waters",10,10,""
"06004044001",1175519,"CA","Discharge To Another Facility",20,20,"06000000311"
"06000000313",3613126,"CA","Reuse: Landscape-related irrigation",0,30,""
"06008010003",1175961,"CA","Discharge To Another Facility",16,16,"06008010004"
"06000000304",3612733,"CA","Reuse: Environmental restoration and groundwater discharge",80,80,""
"06000000080",3607474,"CA","Discharge To Another Facility",100,100,"06002041001"
"06004009007",1175483,"CA","Reuse: Landscape-related irrigation",20,20,""
"06002156001",1175366,"CA","Discharge To Another Facility",50,50,"06000000088"
"06000000100",3607879,"CA","Discharge To Another Facility",50,50,"06000000098"
"06006009001",1175862,"CA","Reuse: Industrial",10,10,""
"06001045001",1175209,"CA","Reuse: Agricultural-related and livestock watering",25,25,""
"06005077001",1175595,"CA","Reuse: Landscape-related irrigation",80,80,""
"06000000122",3608176,"CA","Reuse: Landscape-related irrigation",100,100,""
"06004032001",1175516,"CA","Reuse: Landscape-related irrigation",35,35,""
"06000000154",3608935,"CA","Evaporation",0,100,""
"06008010006",3486596,"CA","Outfall To Surface Waters",60,60,""
"06008010006",3486596,"CA","Reuse: Irrigation",40,40,""
"06002037001",1175295,"CA","Discharge To Another Facility",100,100,"06002040001"
"06002104001",1175345,"CA","Discharge To Another Facility",100,100,"06002043001"
"06002108001",1175347,"CA","Outfall To Surface Waters",58,58,""
"06005043001",1175563,"CA","Reuse: Agricultural-related and livestock watering",70,70,""
"06005066001",1175587,"CA","Outfall To Surface Waters",100,100,""
"06005123001",1175654,"CA","Evaporation",100,100,""
"06005236001",1175723,"CA","Evaporation",100,100,""
"06005669001",1175844,"CA","Discharge To Another Facility",100,100,"06006008001"
"06008026001",1175981,"CA","Discharge To Another Facility",100,100,"06008001001"
"06009018001",1176049,"CA","Discharge To Another Facility",100,100,"06009028001"
"06009046001",1176084,"CA","Discharge To Another Facility",90,90,"06009031001"
"06000000133",3608440,"CA","Discharge To Another Facility",25,25,"06005098002"
"06003027001",1175394,"CA","Reuse: Landscape-related irrigation",20,20,""
"06000000090",3607791,"CA","Reuse: Landscape-related irrigation",100,100,""
"06000000157",3608995,"CA","Discharge To Another Facility",100,100,"06003060001"
"06003060001",1175427,"CA","Outfall To Surface Waters",20,20,""
"06000000174",3609167,"CA","Reuse: Landscape-related irrigation",100,100,""
"06008052001",1176004,"CA","Reuse: Landscape-related irrigation",3,3,""
"06000000302",3612659,"CA","Outfall To Surface Waters",100,100,""
"06008077001",1176023,"CA","Discharge To Another Facility",50,50,"06000000203"
"06000000078",3607384,"CA","Discharge To Another Facility",100,100,"06004009001"
"06005157001",1175675,"CA","Deep well disposal (UIC Class I)",20,20,""
"06000000089",3607790,"CA","Reuse: Environmental restoration and groundwater discharge",100,100,""
"06000000145",3608834,"CA","Discharge To Another Facility",100,100,"06004009003"
"06003115001",1175455,"CA","Evaporation",100,100,""
"06002053001",1175311,"CA","Reuse: Landscape-related irrigation",10,10,""
"06009074002",3334975,"CA","Ocean Discharge",67,67,""
"06009038001",1176076,"CA","Ocean Discharge",75,75,""
"06000000117",3608103,"CA","Reuse: Agricultural-related and livestock watering",30,30,""
"06009011001",1176042,"CA","Discharge To Another Facility",10,10,"06009014002"
"06000000181",3609275,"CA","Outfall To Surface Waters",100,100,""
"06000000183",3609283,"CA","Discharge To Another Facility",100,100,"06004009005"
"06000000184",3609284,"CA","Discharge To Another Facility",100,100,"06004009005"
"06002057001",1175314,"CA","Reuse: Industrial",15,15,""
"06005088002",1175609,"CA","Reuse: Landscape-related irrigation",10,10,""
"06005106001",1175638,"CA","Reuse: Agricultural-related and livestock watering",50,50,""
"06005261001",1175742,"CA","Reuse: Agricultural-related and livestock watering",10,10,""
"06028078001",3514416,"CA","Ocean Discharge",50,50,""
"06005074001",1175592,"CA","Reuse: Agricultural-related and livestock watering",100,100,""
"06000000215",3610516,"CA","Reuse: Landscape-related irrigation",100,100,""
"06005234001",1238821,"CA","Outfall To Surface Waters",85,85,""
"06000000065",3606861,"CA","Reuse: Agricultural-related and livestock watering",50,50,""
"06004009014",3482611,"CA","Overland Flow, No Discharge",100,100,""
"06000000098",3607877,"CA","Outfall To Surface Waters",100,100,""
"06005011001",1175532,"CA","Evaporation",10,10,""
"06005257001",1175740,"CA","Evaporation",36,36,""
"06005335001",1175774,"CA","Evaporation",70,70,""
"06005080001",1238817,"CA","Evaporation",40,40,""
"06000000304",3612733,"CA","Evaporation",20,20,""
"06000000308",3612879,"CA","Reuse: Other Centralized Non-Potable",100,100,""
"06000000305",3612766,"CA","Outfall To Surface Waters",80,80,""
"06002109001",1175348,"CA","Discharge To Another Facility",100,100,"06000000069"
"06004009002",1175478,"CA","Discharge To Another Facility",5,5,"06004040001"
"06000000313",3613126,"CA","Reuse: Environmental restoration and groundwater discharge",0,70,""
"06009006001",1176037,"CA","Ocean Discharge",80,80,""
"06000000117",3608103,"CA","Reuse: Landscape-related irrigation",60,60,""
"06000000117",3608103,"CA","Reuse: Environmental restoration and groundwater discharge",10,10,""
"06008034001",1175989,"CA","Reuse: Industrial",33,33,""
"06008041002",1175996,"CA","Reuse: Landscape-related irrigation",10,30,""
"06000000161",3609019,"CA","Discharge To Another Facility",100,100,"06004009001"
"06003044001",1175412,"CA","Reuse: Landscape-related irrigation",63,63,""
"06005257001",1175740,"CA","Outfall To Surface Waters",64,64,""
"06005023002",1175544,"CA","Reuse: Landscape-related irrigation",10,10,""
"06005041001",1175561,"CA","Reuse: Agricultural-related and livestock watering",10,10,""
"06006012501",3533076,"CA","Discharge To Another Facility",100,100,"06006009001"
"06001054001",1175220,"CA","Reuse: Irrigation",100,100,""
"06002016001",1175275,"CA","Discharge To Another Facility",100,100,"06002125001"
"06002021001",1175279,"CA","Outfall To Surface Waters",100,100,""
"06004005003",1175460,"CA","Discharge To Another Facility",100,100,"06004010003"
"06005162001",1175680,"CA","Outfall To Surface Waters",75,75,""
"06008010001",1175959,"CA","Outfall To Surface Waters",60,60,""
"06008010001",1175959,"CA","Reuse: Irrigation",40,40,""
"06009041001",1176079,"CA","Ocean Discharge",100,75,""
"06001004001",1175170,"CA","Evaporation",100,100,""
"06002069001",1175329,"CA","Outfall To Surface Waters",50,50,""
"06002069001",1175329,"CA","Reuse: Irrigation",50,50,""
"06005053001",1175571,"CA","Evaporation",85,85,""
"06005053001",1175571,"CA","Reuse: Irrigation",15,15,""
"06005335001",1175774,"CA","Reuse: Environmental restoration and groundwater discharge",30,30,""
"06001028001",1175196,"CA","Ocean Discharge",100,100,""
"06001691001",1175260,"CA","Discharge To Another Facility",100,100,"06001011001"
"06002123001",1175357,"CA","Outfall To Surface Waters",100,100,""
"06004016001",1175503,"CA","Ocean Discharge",100,100,""
"06005038001",1175558,"CA","Evaporation",100,100,""
"06005082004",1175601,"CA","Evaporation",100,100,""
"06005082020",1175605,"CA","Reuse: Irrigation",100,100,""
"06005186001",1175695,"CA","Reuse: Agricultural-related and livestock watering",100,100,""
"06005349001",1175784,"CA","Reuse: Irrigation",40,40,""
"06008041002",1175996,"CA","Outfall To Surface Waters",90,70,""
"06009012001",1176043,"CA","Outfall To Surface Waters",100,100,""
"06009031004",1176069,"CA","Ocean Discharge",45,45,""
"06009031004",1176069,"CA","Reuse: Irrigation",55,55,""
"06003016001",1175384,"CA","Overland Flow, No Discharge",100,100,""
"06003028001",1175395,"CA","Ocean Discharge",100,100,""
"06005047001",1175567,"CA","Evaporation",100,100,""
"06005108001",1175640,"CA","Evaporation",100,100,""
"06005551001",1175825,"CA","Reuse: Landscape-related irrigation",25,25,""
"06008003001",1175947,"CA","Discharge To Another Facility",100,100,"06008006001"
"06009080001",392614,"CA","Reuse: Agricultural-related and livestock watering",100,100,""
"06001082001",1175233,"CA","Evaporation",50,50,""
"06002033001",1175290,"CA","Outfall To Surface Waters",70,70,""
"06002035001",1175293,"CA","Discharge To Another Facility",100,100,"06002041001"
"06002067001",1175327,"CA","Discharge To Another Facility",100,100,"06002023001"
"06005490001",1175810,"CA","Discharge To Another Facility",100,100,"06005099001"
"06005780001",1175851,"CA","Reuse: Irrigation",100,100,""
"06007019001",1175928,"CA","Outfall To Surface Waters",100,100,""
"06007041001",1175940,"CA","Evaporation",100,100,""
"06008038001",1175992,"CA","Discharge To Another Facility",100,100,"06008022002"
"06008070001",1176016,"CA","Discharge To Another Facility",100,100,"06008023003"
"06008075001",1176021,"CA","Discharge To Another Facility",100,100,"06008023002"
"06002058001",1175315,"CA","Ocean Discharge",100,100,""
"06002061001",1175320,"CA","Discharge To Another Facility",100,100,"06002032003"
"06003075001",1175442,"CA","Discharge To Another Facility",100,100,"06003012001"
"06004032001",1175516,"CA","Outfall To Surface Waters",60,60,""
"06004032001",1175516,"CA","Discharge To Another Facility",5,5,"06004010003"
"06005024001",1175545,"CA","Outfall To Surface Waters",100,100,""
"06008006002",1175951,"CA","Outfall To Surface Waters",40,40,""
"06008006002",1175951,"CA","Reuse: Irrigation",60,60,""
"06001032001",1175200,"CA","Outfall To Surface Waters",90,90,""
"06001032001",1175200,"CA","Reuse: Irrigation",10,10,""
"06005079001",1175597,"CA","Evaporation",80,80,""
"06005198001",1175702,"CA","Outfall To Surface Waters",100,100,""
"06005319001",1175766,"CA","Evaporation",100,100,""
"06005511002",1175815,"CA","Reuse: Irrigation",100,100,""
"06008077001",1176023,"CA","Discharge To Another Facility",50,50,"06008038001"
"06009028001",1176063,"CA","Ocean Discharge",100,100,""
"06002053001",1175311,"CA","Outfall To Surface Waters",90,90,""
"06004014001",1175501,"CA","Outfall To Surface Waters",50,50,""
"06004014001",1175501,"CA","Reuse: Agricultural-related and livestock watering",50,50,""
"06005284001",1175750,"CA","Reuse: Irrigation",50,50,""
"06008022002",1175977,"CA","Ocean Discharge",100,100,""
"06001026001",1175194,"CA","Reuse: Environmental restoration and groundwater discharge",100,100,""
"06001045003",1175211,"CA","Evaporation",70,70,""
"06002166001",1175369,"CA","Reuse: Agricultural-related and livestock watering",100,100,""
"06005085001",1175606,"CA","Discharge To Another Facility",100,100,"06005088002"
"06005146001",1175666,"CA","Outfall To Surface Waters",100,100,""
"06005358001",1175791,"CA","Discharge To Another Facility",100,100,"06005098001"
"06007030001",1175937,"CA","Reuse: Environmental restoration and groundwater discharge",50,50,""
"06008006006",1175954,"CA","Outfall To Surface Waters",40,40,""
"06008006006",1175954,"CA","Reuse: Irrigation",60,60,""
"06008020002",1175974,"CA","Reuse: Irrigation",20,20,""
"06008020002",1175974,"CA","Reuse: Impoundments",80,80,""
"06008067001",1176013,"CA","Discharge To Another Facility",100,100,"06008023003"
"06009033001",1176072,"CA","Discharge To Another Facility",100,100,"06009006001"
"06009047001",1176085,"CA","Discharge To Another Facility",50,50,"06009011001"
"06001002001",1175168,"CA","Reuse: Irrigation",100,100,""
"06002008001",1175269,"CA","Outfall To Surface Waters",95,95,""
"06002060003",1175317,"CA","Reuse: Environmental restoration and groundwater discharge",100,100,""
"06005027001",1175549,"CA","Discharge To Another Facility",100,100,"06005009001"
"06005060001",1175579,"CA","Discharge To Another Facility",100,100,"06005060004"
"06005076001",1175594,"CA","Discharge To Another Facility",100,100,"06005178001"
"06008072001",1176018,"CA","Discharge To Another Facility",100,100,"06008023003"
"06001006001",1175172,"CA","Discharge To Another Facility",100,100,"06001010005"
"06003042001",1175409,"CA","Ocean Discharge",100,100,""
"06004008010",1175469,"CA","Reuse: Environmental restoration and groundwater discharge",100,100,""
"06005023002",1175544,"CA","Outfall To Surface Waters",90,90,""
"06005121001",1175652,"CA","Reuse: Environmental restoration and groundwater discharge",100,100,""
"06007013001",1175921,"CA","Outfall To Surface Waters",100,100,""
"06008018001",1175971,"CA","Discharge To Another Facility",100,100,"06008010003"
"06008036001",1175991,"CA","Discharge To Another Facility",100,100,"06008023003"
"06008068001",1176014,"CA","Discharge To Another Facility",100,100,"06008023002"
"06008073001",1176019,"CA","Discharge To Another Facility",100,100,"06008023002"
"06009005001",1176036,"CA","Discharge To Another Facility",100,85,"06009031001"
"06009049001",1176086,"CA","Discharge To Another Facility",93,93,"06009031001"
"06003046001",1175414,"CA","Reuse: Environmental restoration and groundwater discharge",100,100,""
"06005246001",1175732,"CA","Evaporation",100,100,""
"06008035001",1175990,"CA","Discharge To Another Facility",100,100,"06008006001"
"06008074001",1176020,"CA","Discharge To Another Facility",100,100,"06008023002"
"06009025001",1176057,"CA","Evaporation",100,100,""
"06003018001",1175385,"CA","Discharge To Another Facility",100,100,"06003012001"
"06003030001",1175398,"CA","Reuse: Industrial",33,33,""
"06003030001",1175398,"CA","Evaporation",36,36,""
"06003030001",1175398,"CA","Reuse: Irrigation",31,31,""
"06003039003",1175406,"CA","Discharge To Another Facility",100,100,"06003010001"
"06004009002",1175478,"CA","Outfall To Surface Waters",60,60,""
"06004009002",1175478,"CA","Reuse: Industrial",10,10,""
"06004009002",1175478,"CA","Reuse: Irrigation",5,5,""
"06004009002",1175478,"CA","Reuse: Impoundments",20,20,""
"06006027001",1175883,"CA","Evaporation",100,100,""
"06008019001",1175972,"CA","Outfall To Surface Waters",75,75,""
"06008019001",1175972,"CA","Reuse: Landscape-related irrigation",25,25,""
"06002176001",412968,"CA","Discharge To Another Facility",100,100,"06002036001"
"06001010005",1175180,"CA","Outfall To Surface Waters",100,100,""
"06003038001",1175403,"CA","Evaporation",100,100,""
"06005249003",1175735,"CA","Outfall To Surface Waters",58,58,""
"06005249003",1175735,"CA","Reuse: Irrigation",42,42,""
"06006007001",1175860,"CA","Discharge To Another Facility",100,100,"06006008001"
"06006011001",1175864,"CA","Evaporation",100,100,""
"06008045001",1175999,"CA","Discharge To Another Facility",100,100,"06008023003"
"06008076001",1176022,"CA","Discharge To Another Facility",100,100,"06008023002"
"06001079001",1175232,"CA","Outfall To Surface Waters",70,70,""
"06001079001",1175232,"CA","Evaporation",30,30,""
"06002017001",1175276,"CA","Discharge To Another Facility",100,100,"06002058001"
"06005008001",1175528,"CA","Reuse: Irrigation",100,100,""
"06005028001",1175550,"CA","Evaporation",100,100,""
"06005261001",1175742,"CA","Evaporation",90,90,""
"06006018001",1175873,"CA","Discharge To Another Facility",100,100,"06006008001"
"06009069001",3368012,"CA","Evaporation",50,50,""
"06009069001",3368012,"CA","Reuse: Environmental restoration and groundwater discharge",50,50,""
"06006001003",3483576,"CA","Discharge To Another Facility",100,100,"06006009001"
"06002090001",3521216,"CA","Outfall To Surface Waters",100,100,""
"06005098002",3479031,"CA","Outfall To Surface Waters",100,100,""
"06002054001",3486530,"CA","Outfall To Surface Waters",75,75,""
"06002054001",3486530,"CA","Reuse: Irrigation",25,25,""
"06008023002",2945322,"CA","Discharge To Another Facility",100,100,"06008022001"
"06001009001",1175176,"CA","Outfall To Surface Waters",100,100,""
"06002018001",1175277,"CA","Discharge To Another Facility",100,100,"06002041001"
"06005032001",1175554,"CA","Evaporation",80,80,""
"06005032001",1175554,"CA","Reuse: Irrigation",20,20,""
"06005055001",1175574,"CA","Outfall To Surface Waters",50,50,""
"06005367001",1175794,"CA","Outfall To Surface Waters",50,50,""
"06008023001",2942642,"CA","Discharge To Another Facility",100,100,"06008022001"
"06000203200",3509698,"CA","Discharge To Another Facility",100,100,"06002032003"
"06005033001",1238815,"CA","Outfall To Surface Waters",100,100,""
"06006001002",3483573,"CA","Discharge To Another Facility",100,100,"06006009001"
"06008010005",3486593,"CA","Outfall To Surface Waters",60,60,""
"06008010005",3486593,"CA","Reuse: Irrigation",40,40,""
"06005082021",3489196,"CA","Reuse: Landscape-related irrigation",90,90,""
"06009031002",1176067,"CA","Reuse: Industrial",33,8,""
"06009031002",1176067,"CA","Reuse: Landscape-related irrigation",67,17,""
"06000000116",3608102,"CA","Ocean Discharge",100,100,""
"06002036001",1175294,"CA","Discharge To Another Facility",0,0,"06000000115"
"06000000165",3609119,"CA","Evaporation",100,100,""
"06004003001",1175458,"CA","Reuse: Landscape-related irrigation",5,5,""
"06008015001",1175965,"CA","Discharge To Another Facility",10,5,"06008022001"
"06004010002",1175492,"CA","Reuse: Landscape-related irrigation",40,40,""
"06007029001",1175936,"CA","Reuse: Other Centralized Non-Potable",0,20,""
"06005187001",1175696,"CA","Reuse: Landscape-related irrigation",10,10,""
"06005187001",1175696,"CA","Outfall To Surface Waters",90,90,""
"06001082001",1175233,"CA","Outfall To Surface Waters",50,50,""
"06005265001",1175744,"CA","Evaporation",67,67,""
"06009041002",1176080,"CA","Reuse: Landscape-related irrigation",0,25,""
"06000000300",3612651,"CA","Evaporation",100,100,""
"06008086001",3380875,"CA","Reuse: Environmental restoration and groundwater discharge",50,50,""
"06006033001",1175886,"CA","Reuse: Environmental restoration and groundwater discharge",10,10,""
"06000000099",3607878,"CA","Discharge To Another Facility",100,100,"06000000098"
"06004006001",1175461,"CA","Discharge To Another Facility",0,20,"06000000195"
"06005551001",1175825,"CA","Reuse: Agricultural-related and livestock watering",75,75,""
"06008007001",1175956,"CA","Reuse: Landscape-related irrigation",10,10,""
"06000000173",3609157,"CA","Discharge To Another Facility",100,100,"06004009004"
"06003049001",1175417,"CA","Reuse: Landscape-related irrigation",50,50,""
"06000000310",3612940,"CA","Evaporation",80,80,""
"06000000123",3608282,"CA","Reuse: Landscape-related irrigation",100,100,""
"06000000197",3609544,"CA","Discharge To Another Facility",100,100,"06002041001"
"06003012001",1175381,"CA","Reuse: Environmental restoration and groundwater discharge",15,15,""
"06000000082",3607552,"CA","Reuse: Landscape-related irrigation",70,70,""
"06000000082",3607552,"CA","Overland Flow, No Discharge",30,30,""
"06005143001",1175664,"CA","Evaporation",100,100,""
"06005349001",1175784,"CA","Evaporation",60,60,""
"06000000303",3612732,"CA","Outfall To Surface Waters",100,100,""
"06000000121",3608175,"CA","Discharge To Another Facility",5,5,"06000000122"
"06000000121",3608175,"CA","Discharge To Another Facility",9,9,"06000000124"
"06005019002",3478130,"CA","Evaporation",50,50,""
"06005019002",3478130,"CA","Reuse: Irrigation",50,50,""
"06003035001",1238813,"CA","Evaporation",100,100,""
"06029041001",3138044,"CA","Ocean Discharge",100,100,""
"06002175001",3224310,"CA","Discharge To Another Facility",100,100,"06002036001"
"06002028001",1175286,"CA","Discharge To Another Facility",100,100,"06002041001"
"06002151001",1175363,"CA","Discharge To Another Facility",100,100,"06002015001"
"06004024001",1175511,"CA","Discharge To Another Facility",100,100,"06004018001"
"06005082003",1175600,"CA","Reuse: Irrigation",100,100,""
"06005179001",1175689,"CA","Evaporation",100,100,""
"06007003001",1175910,"CA","Reuse: Irrigation",25,25,""
"06005061001",1238816,"CA","Outfall To Surface Waters",80,80,""
"06002039001",1175297,"CA","Outfall To Surface Waters",100,100,""
"06005098001",1175618,"CA","Outfall To Surface Waters",100,100,""
"06005229001",1175718,"CA","Discharge To Another Facility",100,100,"06005240001"
"06005316001",1175765,"CA","Evaporation",100,100,""
"06008078001",1176024,"CA","Discharge To Another Facility",100,100,"06008023006"
"06002157001",1175367,"CA","Discharge To Another Facility",100,100,"06002043001"
"06003054002",1175423,"CA","Overland Flow, No Discharge",100,100,""
"06004009010",1175486,"CA","Evaporation",80,80,""
"06004009010",1175486,"CA","Reuse: Irrigation",20,20,""
"06005049001",1175569,"CA","Evaporation",100,100,""
"06005124001",1175655,"CA","Evaporation",100,100,""
"06005328001",1175772,"CA","Evaporation",100,100,""
"06005368001",1175795,"CA","Outfall To Surface Waters",100,100,""
"06008006001",1175950,"CA","Outfall To Surface Waters",40,40,""
"06008023006",2942689,"CA","Discharge To Another Facility",100,100,"06008022002"
"06008023011",2944164,"CA","Discharge To Another Facility",100,100,"06008022002"
"06005285001",1238823,"CA","Outfall To Surface Waters",100,100,""
"06005296001",3408470,"CA","Reuse: Environmental restoration and groundwater discharge",100,100,""
"06002079001",3480210,"CA","Discharge To Another Facility",100,100,"06002058001"
"06003092001",397897,"CA","Discharge To Another Facility",100,100,"06003050001"
"06006009002",3522480,"CA","Discharge To Another Facility",100,0,"06006009001"
"06006009002",3522480,"CA","Reuse: Irrigation",0,100,""
"06005227001",1238820,"CA","Outfall To Surface Waters",100,100,""
"06002084001",1175341,"CA","Discharge To Another Facility",100,100,"06002036001"
"06002045001",1175305,"CA","Discharge To Another Facility",100,100,"06002041001"
"06002063001",1175322,"CA","Ocean Discharge",100,100,""
"06004022002",1175509,"CA","Outfall To Surface Waters",100,100,""
"06005082007",1175602,"CA","Reuse: Irrigation",100,100,""
"06005099001",1175619,"CA","Outfall To Surface Waters",100,100,""
"06005235001",1175722,"CA","Reuse: Environmental restoration and groundwater discharge",100,100,""
"06005693001",1175847,"CA","Reuse: Irrigation",70,70,""
"06008009001",1175958,"CA","Discharge To Another Facility",100,100,"06008010003"
"06008020001",1175973,"CA","Outfall To Surface Waters",55,55,""
"06008020001",1175973,"CA","Reuse: Irrigation",45,45,""
"06009011001",1176042,"CA","Ocean Discharge",90,90,""
"06009040001",1176078,"CA","Discharge To Another Facility",70,70,"06009011001"
"06001016001",1175185,"CA","Evaporation",100,100,""
"06001047001",1175213,"CA","Outfall To Surface Waters",100,100,""
"06002022001",1175280,"CA","Discharge To Another Facility",100,100,"06002023001"
"06002040001",1175298,"CA","Ocean Discharge",73,73,""
"06004009008",1175484,"CA","Outfall To Surface Waters",75,75,""
"06004009008",1175484,"CA","Reuse: Irrigation",25,25,""
"06004020001",1175507,"CA","Evaporation",100,100,""
"06005051001",1175570,"CA","Evaporation",100,100,""
"06005056001",1175575,"CA","Evaporation",100,100,""
"06006013001",1175866,"CA","Reuse: Environmental restoration and groundwater discharge",100,100,""
"06009039001",1176077,"CA","Evaporation",100,100,""
"06009041002",1176080,"CA","Ocean Discharge",100,75,""
"06009050001",1176087,"CA","Discharge To Another Facility",100,100,"06009031001"
"06008010008",410633,"CA","Discharge To Another Facility",100,100,"06008010003"
"06003020001",1175387,"CA","Discharge To Another Facility",100,100,"06003044001"
"06003021001",1175388,"CA","Ocean Discharge",68,68,""
"06003029002",1175397,"CA","Discharge To Another Facility",100,100,"06003012001"
"06002032005",443709,"CA","Ocean Discharge",100,100,""
"06005031001",1175553,"CA","Outfall To Surface Waters",100,100,""
"06007007001",1175913,"CA","Outfall To Surface Waters",100,100,""
"06008062001",1176010,"CA","Discharge To Another Facility",100,100,"06008004001"
"06008010004",3486590,"CA","Reuse: Irrigation",40,40,""
"06001092001",2875821,"CA","Reuse: Landscape-related irrigation",100,100,""
"06005227002",3520617,"CA","Outfall To Surface Waters",100,100,""
"06002107001",1175346,"CA","Discharge To Another Facility",100,100,"06002120001"
"06004009006",1175482,"CA","Outfall To Surface Waters",70,70,""
"06004009006",1175482,"CA","Reuse: Industrial",5,5,""
"06004009006",1175482,"CA","Reuse: Irrigation",20,20,""
"06004009006",1175482,"CA","Reuse: Other Centralized Non-Potable",5,5,""
"06005112001",1175643,"CA","Reuse: Environmental restoration and groundwater discharge",75,75,""
"06005112001",1175643,"CA","Reuse: Irrigation",25,25,""
"06008065001",1176011,"CA","Discharge To Another Facility",100,100,"06008023003"
"06008010009",410658,"CA","Discharge To Another Facility",100,100,"06008010003"
"06008023005",2942682,"CA","Discharge To Another Facility",100,100,"06008022002"
"06008023014",2944225,"CA","Discharge To Another Facility",100,100,"06008022002"
"06008023003",2945422,"CA","Discharge To Another Facility",100,100,"06008022002"
"06005004001",1238814,"CA","Outfall To Surface Waters",100,60,""
"06005360001",1238827,"CA","Evaporation",100,100,""
"06002174001",3008943,"CA","Discharge To Another Facility",100,100,"06002036001"
"06005041001",1175561,"CA","Reuse: Industrial",10,10,""
"06003021001",1175388,"CA","Reuse: Landscape-related irrigation",16,16,""
"06000000092",3607832,"CA","Discharge To Another Facility",100,100,"06004010001"
"06001168001",3477030,"CA","Overland Flow, No Discharge",100,100,""
"06002006001",1175267,"CA","Outfall To Surface Waters",78,75,""
"06002006001",1175267,"CA","Reuse: Landscape-related irrigation",22,25,""
"06002015001",1175274,"CA","Ocean Discharge",100,100,""
"06002036001",1175294,"CA","Outfall To Surface Waters",95,95,""
"06004059001",1175522,"CA","Reuse: Irrigation",100,100,""
"06005018001",1175539,"CA","Outfall To Surface Waters",100,100,""
"06005057001",1175576,"CA","Evaporation",100,100,""
"06005329001",1175773,"CA","Outfall To Surface Waters",100,100,""
"06008048001",1176002,"CA","Discharge To Another Facility",100,100,"06008023003"
"06001037001",1175203,"CA","Discharge To Another Facility",100,100,"06001045001"
"06002032002",1175288,"CA","Outfall To Surface Waters",100,100,""
"06002038001",1175296,"CA","Outfall To Surface Waters",95,95,""
"06002038001",1175296,"CA","Reuse: Irrigation",5,5,""
"06003050001",1175418,"CA","Outfall To Surface Waters",100,100,""
"06005006001",1175527,"CA","Evaporation",100,100,""
"06005357001",1175790,"CA","Evaporation",100,100,""
"06009031001",1176066,"CA","Ocean Discharge",100,100,""
"06005043001",1175563,"CA","Reuse: Environmental restoration and groundwater discharge",30,30,""
"06004029001",1175514,"CA","Reuse: Agricultural-related and livestock watering",45,45,""
"06004013001",1175500,"CA","Discharge To Another Facility",30,30,"06004010004"
"06001020001",1175189,"CA","Outfall To Surface Waters",50,50,""
"06000000083",3607553,"CA","Reuse: Landscape-related irrigation",0,25,""
"06008022001",1175976,"CA","Ocean Discharge",5,5,""
"06000000124",3608283,"CA","Reuse: Environmental restoration and groundwater discharge",25,25,""
"06003063001",1175430,"CA","Evaporation",70,70,""
"06005114001",1175645,"CA","Reuse: Irrigation",10,10,""
"06000000307",3612790,"CA","Evaporation",80,80,""
"06000000307",3612790,"CA","Reuse: Landscape-related irrigation",20,20,""
"06009019002",1176051,"CA","Discharge To Another Facility",58,58,"06009019001"
"06009020001",1176052,"CA","Evaporation",70,70,""
"06009035001",1176074,"CA","Discharge To Another Facility",100,100,"06009011001"
"06002023001",1175281,"CA","Reuse: Industrial",45,45,""
"06005010002",1175531,"CA","Reuse: Agricultural-related and livestock watering",100,100,""
"06000000121",3608175,"CA","Discharge To Another Facility",74,74,"06008041002"
"06009020001",1176052,"CA","Reuse: Landscape-related irrigation",30,30,""
"06008034001",1175989,"CA","Evaporation",33,33,""
"06004026001",1175512,"CA","Reuse: Industrial",40,40,""
"06009065001",2948926,"CA","Reuse: Landscape-related irrigation",100,100,""
"06001001001",1175167,"CA","Evaporation",100,100,""
"06002052001",1175310,"CA","Discharge To Another Facility",100,100,"06000000068"
"06003010001",1175379,"CA","Ocean Discharge",100,100,""
"06003081001",1175445,"CA","Ocean Discharge",100,100,""
"06004001001",1175456,"CA","Discharge To Another Facility",100,100,"06004010003"
"06004026001",1175512,"CA","Outfall To Surface Waters",60,60,""
"06005205001",1175708,"CA","Reuse: Environmental restoration and groundwater discharge",35,35,""
"06006065001",1175901,"CA","Discharge To Another Facility",100,100,"06004009002"
"06008039001",1175993,"CA","Discharge To Another Facility",100,100,"06008010003"
"06001050001",1175216,"CA","Evaporation",100,100,""
"06003004001",1175375,"CA","Outfall To Surface Waters",100,100,""
"06005060004",1175582,"CA","Discharge To Another Facility",100,100,"06005256001"
"06006033001",1175886,"CA","Reuse: Agricultural-related and livestock watering",90,90,""
"06008010003",1175961,"CA","Discharge To Another Facility",52,52,"06008010001"
"06008058001",1176007,"CA","Discharge To Another Facility",100,100,"06008023002"
"06005234001",1238821,"CA","Reuse: Landscape-related irrigation",15,15,""
"06006028002",3349051,"CA","Evaporation",100,100,""
"06001062001",1175222,"CA","Discharge To Another Facility",100,100,"06001045001"
"06002060007",1175319,"CA","Reuse: Agricultural-related and livestock watering",100,100,""
"06002110001",1175349,"CA","Discharge To Another Facility",100,100,"06002012001"
"06002156001",1175366,"CA","Discharge To Another Facility",50,50,"06002072001"
"06005012001",1175534,"CA","Reuse: Environmental restoration and groundwater discharge",60,60,""
"06005105001",1175637,"CA","Outfall To Surface Waters",35,35,""
"06005105001",1175637,"CA","Reuse: Other Centralized Non-Potable",65,65,""
"06005226001",1175717,"CA","Outfall To Surface Waters",50,50,""
"06005226001",1175717,"CA","Reuse: Irrigation",50,50,""
"06005262001",1175743,"CA","Evaporation",70,70,""
"06006009001",1175862,"CA","Outfall To Surface Waters",30,30,""
"06007010001",1175920,"CA","Evaporation",100,100,""
"06008083001",1176027,"CA","Discharge To Another Facility",100,100,"06008004001"
"06009026005",1176061,"CA","Discharge To Another Facility",100,100,"06009041002"
"06001008001",1175175,"CA","Outfall To Surface Waters",100,100,""
"06001024001",1175192,"CA","Discharge To Another Facility",100,100,"06001041001"
"06002029001",1175287,"CA","Ocean Discharge",97,97,""
"06005294001",3478111,"CA","Outfall To Surface Waters",100,100,""
"06004051001",427399,"CA","Discharge To Another Facility",100,100,"06004009001"
"06004004001",1175459,"CA","Discharge To Another Facility",100,100,"06004010001"
"06004013001",1175500,"CA","Discharge To Another Facility",70,70,"06004026001"
"06005147001",1175667,"CA","Discharge To Another Facility",100,100,"06000000073"
"06005345001",1175781,"CA","Evaporation",100,100,""
"06006031001",1175885,"CA","Evaporation",100,100,""
"06008016003",1175969,"CA","Outfall To Surface Waters",100,100,""
"06009014001",1176045,"CA","Discharge To Another Facility",100,100,"06009011001"
"06002029001",1175287,"CA","Reuse: Irrigation",3,3,""
"06002120001",1175354,"CA","Outfall To Surface Waters",100,100,""
"06002121001",1175355,"CA","Discharge To Another Facility",78,78,"06002006001"
"06003090001",1175449,"CA","Discharge To Another Facility",100,100,"06003060001"
"06004010002",1175492,"CA","Outfall To Surface Waters",60,60,""
"06005015001",1175537,"CA","Reuse: Agricultural-related and livestock watering",100,100,""
"06005039001",1175559,"CA","Evaporation",100,100,""
"06005059001",1175578,"CA","Discharge To Another Facility",100,100,"06005077001"
"06004009003",1175479,"CA","Outfall To Surface Waters",70,70,""
"06004009003",1175479,"CA","Reuse: Irrigation",15,15,""
"06004009003",1175479,"CA","Reuse: Impoundments",15,15,""
"06004010003",1175493,"CA","Outfall To Surface Waters",50,50,""
"06004010003",1175493,"CA","Reuse: Irrigation",50,50,""
"06005148001",1175668,"CA","Discharge To Another Facility",100,100,"06005109001"
"06005245002",1175731,"CA","Outfall To Surface Waters",100,100,""
"06006008001",1175861,"CA","Deep well disposal (UIC Class I)",100,100,""
"06003017001",1238812,"CA","Ocean Discharge",60,60,""
"06001011001",1175181,"CA","Outfall To Surface Waters",100,100,""
"06001021001",1175190,"CA","Discharge To Another Facility",100,100,"06001045001"
"06002077001",1175338,"CA","Discharge To Another Facility",100,100,"06002125001"
"06003002001",1175373,"CA","Discharge To Another Facility",100,100,"06003041001"
"06005041001",1175561,"CA","Outfall To Surface Waters",70,70,""
"06005065001",1175586,"CA","Discharge To Another Facility",100,100,"06000000065"
"06005177001",1175687,"CA","Evaporation",100,100,""
"06005185001",1175694,"CA","Discharge To Another Facility",100,100,"06005146001"
"06009032001",1176070,"CA","Ocean Discharge",20,20,""
"06009032001",1176070,"CA","Reuse: Irrigation",80,80,""
"06002032004",442052,"CA","Outfall To Surface Waters",100,58,""
"06007770001",3522264,"CA","Reuse: Environmental restoration and groundwater discharge",100,100,""
"06003038006",441073,"CA","Discharge To Another Facility",100,100,"06003010001"
"06002024001",1175282,"CA","Outfall To Surface Waters",100,100,""
"06003022001",1175389,"CA","Evaporation",100,100,""
"06004029001",1175514,"CA","Outfall To Surface Waters",10,10,""
"06004029001",1175514,"CA","Reuse: Landscape-related irrigation",45,45,""
"06004040001",1175518,"CA","Reuse: Industrial",100,100,""
"06005142001",1175663,"CA","Evaporation",100,100,""
"06005340001",1175776,"CA","Discharge To Another Facility",100,100,"06005045001"
"06007014001",1175922,"CA","Outfall To Surface Waters",100,100,""
"06007029001",1175936,"CA","Outfall To Surface Waters",100,80,""
"06008047001",1176001,"CA","Discharge To Another Facility",100,100,"06008027001"
"06001065001",1175224,"CA","Reuse: Environmental restoration and groundwater discharge",100,100,""
"06001078001",1175231,"CA","Discharge To Another Facility",100,100,"06001079001"
"06002046001",1175306,"CA","Outfall To Surface Waters",100,100,""
"06002113001",1175351,"CA","Discharge To Another Facility",100,100,"06002012001"
"06003043001",1175410,"CA","Discharge To Another Facility",100,100,"06003027001"
"06004009004",1175480,"CA","Outfall To Surface Waters",50,50,""
"06004009004",1175480,"CA","Reuse: Impoundments",50,50,""
"06004009007",1175483,"CA","Outfall To Surface Waters",80,80,""
"06005021001",1175542,"CA","Discharge To Another Facility",100,100,"06005106001"
"06005232001",1175720,"CA","Outfall To Surface Waters",80,80,""
"06005232001",1175720,"CA","Reuse: Irrigation",20,20,""
"06006021001",1175876,"CA","Reuse: Irrigation",100,100,""
"06008015001",1175965,"CA","Discharge To Another Facility",35,45,"06008001001"
"06009076001",1176095,"CA","Discharge To Another Facility",71,71,"06000000072"
"06009076001",1176095,"CA","Reuse: Irrigation",29,29,""
"06005160001",1175678,"CA","Discharge To Another Facility",100,100,"06005103001"
"06005184001",1175693,"CA","Outfall To Surface Waters",65,65,""
"06005682001",1175846,"CA","Outfall To Surface Waters",100,100,""
"06002032003",1175289,"CA","Ocean Discharge",100,100,""
"06002044004",1175304,"CA","Outfall To Surface Waters",100,100,""
"06002057001",1175314,"CA","Ocean Discharge",85,85,""
"06003041001",1175408,"CA","Evaporation",100,100,""
"06003069001",1175437,"CA","Discharge To Another Facility",100,100,"06003081001"
"06004011009",1175497,"CA","Evaporation",100,100,""
"06005035001",1175556,"CA","Outfall To Surface Waters",70,70,""
"06005035001",1175556,"CA","Reuse: Irrigation",30,30,""
"06005125001",1175656,"CA","Evaporation",100,100,""
"06005126001",1175657,"CA","Evaporation",100,100,""
"06005238001",1175725,"CA","Reuse: Irrigation",100,100,""
"06005271001",1175746,"CA","Evaporation",100,100,""
"06005306001",1175758,"CA","Evaporation",50,50,""
"06005306001",1175758,"CA","Reuse: Irrigation",50,50,""
"06005311001",1175762,"CA","Reuse: Environmental restoration and groundwater discharge",100,100,""
"06009036001",1176075,"CA","Outfall To Surface Waters",51,51,""
"06009036001",1176075,"CA","Reuse: Landscape-related irrigation",49,49,""
"06009053001",1176088,"CA","Evaporation",100,100,""
"06003048001",1175416,"CA","Discharge To Another Facility",100,100,"06003017001"
"06008021001",1175975,"CA","Discharge To Another Facility",100,100,"06008010003"
"06009004001",1176034,"CA","Ocean Discharge",100,100,""
"06005649001",1175839,"CA","Discharge To Another Facility",70,70,"06005227001"
"06009016001",1176048,"CA","Reuse: Landscape-related irrigation",100,100,""
"06001064001",1175223,"CA","Evaporation",100,100,""
"06002019001",1175278,"CA","Discharge To Another Facility",100,100,"06002041001"
"06003014001",1175382,"CA","Ocean Discharge",100,100,""
"06005082002",1175599,"CA","Reuse: Agricultural-related and livestock watering",100,100,""
"06005241001",1175728,"CA","Evaporation",100,100,""
"06005249001",1175733,"CA","Outfall To Surface Waters",58,58,""
"06005249001",1175733,"CA","Reuse: Irrigation",42,42,""
"06009038001",1176076,"CA","Reuse: Agricultural-related and livestock watering",25,25,""
"06002043001",1175301,"CA","Outfall To Surface Waters",100,100,""
"06003066001",1175434,"CA","Discharge To Another Facility",100,100,"06003012001"
"06005178001",1175688,"CA","Evaporation",100,100,""
"06007069001",1175944,"CA","Evaporation",100,100,""
"06008012001",1175963,"CA","Outfall To Surface Waters",45,45,""
"06008012001",1175963,"CA","Reuse: Irrigation",55,55,""
"06001096001",1175243,"CA","Evaporation",100,100,""
"06002042001",1175300,"CA","Ocean Discharge",100,100,""
"06002044001",1175302,"CA","Discharge To Another Facility",100,100,"06002044004"
"06002091001",1175343,"CA","Discharge To Another Facility",100,100,"06002125001"
"06005045001",1175565,"CA","Outfall To Surface Waters",90,90,""
"06005045001",1175565,"CA","Reuse: Irrigation",10,10,""
"06005054001",1175573,"CA","Outfall To Surface Waters",100,100,""
"06005322001",1175769,"CA","Reuse: Irrigation",100,100,""
"06002118001",1175353,"CA","Outfall To Surface Waters",22,0,""
"06003076001",1175443,"CA","Discharge To Another Facility",100,100,"06003060001"
"06004006001",1175461,"CA","Outfall To Surface Waters",95,75,""
"06004027001",1175513,"CA","Ocean Discharge",65,65,""
"06005086001",1175607,"CA","Evaporation",80,80,""
"06005086001",1175607,"CA","Reuse: Irrigation",20,20,""
"06005253001",1175738,"CA","Outfall To Surface Waters",100,100,""
"06005668001",1175843,"CA","Discharge To Another Facility",100,100,"06005187001"
"06006041001",1175894,"CA","Evaporation",100,100,""
"06001055001",1175221,"CA","Ocean Discharge",70,70,""
"06001055001",1175221,"CA","Reuse: Irrigation",30,30,""
"06002010001",1175271,"CA","Discharge To Another Facility",100,100,"06002041001"
"06002125001",1175358,"CA","Ocean Discharge",100,100,""
"06004010001",1175491,"CA","Ocean Discharge",100,0,""
"06005109001",1175641,"CA","Reuse: Landscape-related irrigation",100,100,""
"06005139001",1175660,"CA","Discharge To Another Facility",100,100,"06005227001"
"06005169001",1175684,"CA","Evaporation",100,100,""
"06008011001",1175962,"CA","Discharge To Another Facility",100,100,"06008010003"
"06003033001",3486842,"CA","Outfall To Surface Waters",70,70,""
"06003033001",3486842,"CA","Evaporation",30,30,""
"06001069001",1175228,"CA","Outfall To Surface Waters",100,100,""
"06003037001",1175402,"CA","Ocean Discharge",90,90,""
"06005113001",1175644,"CA","Evaporation",100,100,""
"06005114001",1175645,"CA","Reuse: Irrigation",90,90,""
"06006004001",1175857,"CA","Reuse: Irrigation",58,58,""
"06002030001",1238810,"CA","Outfall To Surface Waters",100,100,""
"06008086001",3380875,"CA","Outfall To Surface Waters",50,50,""
"06007023001",1175931,"CA","Outfall To Surface Waters",100,100,""
"06008007001",1175956,"CA","Reuse: Irrigation",90,90,""
"06008016002",1175968,"CA","Discharge To Another Facility",100,100,"06008016003"
"06008052001",1176004,"CA","Outfall To Surface Waters",97,97,""
"06009009001",1176040,"CA","Discharge To Another Facility",100,100,"06009011001"
"06009077001",1176096,"CA","Discharge To Another Facility",75,75,"06000000073"
"06006001004",3483670,"CA","Discharge To Another Facility",100,100,"06006009001"
"06005000002",3514618,"CA","Discharge To Another Facility",100,100,"06005009001"
"06008017001",1175970,"CA","Discharge To Another Facility",100,100,"06008024001"
"06009013001",1176044,"CA","Discharge To Another Facility",100,100,"06009031001"
"06001049001",1175215,"CA","Ocean Discharge",58,58,""
"06001049001",1175215,"CA","Reuse: Irrigation",42,42,""
"06002092001",1175344,"CA","Reuse: Irrigation",100,100,""
"06002152001",1175364,"CA","Discharge To Another Facility",100,100,"06002015001"
"06004009005",1175481,"CA","Outfall To Surface Waters",60,60,""
"06004009005",1175481,"CA","Reuse: Industrial",20,20,""
"06004009005",1175481,"CA","Reuse: Irrigation",20,20,""
"06005068001",1175588,"CA","Evaporation",100,80,""
"06005122002",1175653,"CA","Discharge To Another Facility",100,100,"06005009001"
"06007021001",1175929,"CA","Evaporation",100,100,""
"06005000001",3514617,"CA","Discharge To Another Facility",100,100,"06005009001"
"06008020003",3518636,"CA","Reuse: Irrigation",100,100,""
"06004012500",3531736,"CA","Discharge To Another Facility",50,50,"06004009004"
"06004012500",3531736,"CA","Discharge To Another Facility",50,50,"06004009003"
"06001014001",433503,"CA","Outfall To Surface Waters",100,100,""
"06005279001",1238822,"CA","Outfall To Surface Waters",100,100,""
"06001036001",1175202,"CA","Outfall To Surface Waters",62,62,""
"06001036001",1175202,"CA","Reuse: Irrigation",38,38,""
"06004011008",1175496,"CA","Discharge To Another Facility",100,100,"06004027001"
"06005001001",1175523,"CA","Overland Flow, No Discharge",50,50,""
"06005063001",1175584,"CA","Outfall To Surface Waters",100,100,""
"06005216001",1175710,"CA","Discharge To Another Facility",100,100,"06005227001"
"06001020001",1175189,"CA","Evaporation",50,50,""
"06003044001",1175412,"CA","Ocean Discharge",37,37,""
"06005060003",1175581,"CA","Discharge To Another Facility",100,100,"06005060004"
"06005118001",1175649,"CA","Overland Flow, No Discharge",100,100,""
"06005233001",1175721,"CA","Outfall To Surface Waters",100,100,""
"06005239001",1175726,"CA","Discharge To Another Facility",100,100,"06002023001"
"06005240001",1175727,"CA","Reuse: Irrigation",100,0,""
"06005325001",1175771,"CA","Reuse: Irrigation",60,60,""
"06008002001",1175946,"CA","Discharge To Another Facility",100,100,"06008023005"
"06003062001",1175429,"CA","Discharge To Another Facility",100,100,"06003021001"
"06004009001",1175477,"CA","Ocean Discharge",100,100,""
"06005009001",1175529,"CA","Outfall To Surface Waters",100,50,""
"06005009001",1175529,"CA","Reuse: Irrigation",0,10,""
"06005009001",1175529,"CA","Reuse: Impoundments",0,40,""
"06005026001",1175548,"CA","Evaporation",100,100,""
"06005164001",1175682,"CA","Evaporation",100,100,""
"06005218001",1175712,"CA","Reuse: Agricultural-related and livestock watering",100,100,""
"06005783001",1175853,"CA","Outfall To Surface Waters",100,100,""
"06008066001",1176012,"CA","Discharge To Another Facility",100,100,"06008023003"
"06008069001",1176015,"CA","Discharge To Another Facility",100,100,"06008023003"
"06005244001",1175730,"CA","Outfall To Surface Waters",100,100,""
"06007025001",1175933,"CA","Outfall To Surface Waters",100,100,""
"06008043001",1175997,"CA","Discharge To Another Facility",100,100,"06008023003"
"06009007001",1176038,"CA","Discharge To Another Facility",93,93,"06009031001"
"06004037001",2833022,"CA","Discharge To Another Facility",100,100,"06004027001"
"06000000103",3607909,"CA","Discharge To Another Facility",78,78,"06009031001"
"06009005001",1176036,"CA","Discharge To Another Facility",0,15,"06009031002"
"06028078001",3514416,"CA","Outfall To Surface Waters",50,50,""
"06002056001",1175312,"CA","Discharge To Another Facility",100,100,"06000000088"
"06005055001",1175574,"CA","Reuse: Landscape-related irrigation",50,50,""
"06000000310",3612940,"CA","Overland Flow With Discharge",20,20,""
"06001042001",1175207,"CA","Reuse: Environmental restoration and groundwater discharge",80,80,""
"06002027001",1175285,"CA","Discharge To Another Facility",100,100,"06002041001"
"06003005001",1175376,"CA","Reuse: Irrigation",100,100,""
"06003061001",1175428,"CA","Ocean Discharge",90,70,""
"06003083001",1175446,"CA","Evaporation",100,100,""
"06005062001",1175583,"CA","Outfall To Surface Waters",100,100,""
"06005064001",1175585,"CA","Outfall To Surface Waters",70,70,""
"06005159001",1175677,"CA","Reuse: Irrigation",100,100,""
"06005310001",1175761,"CA","Reuse: Irrigation",100,100,""
"06006010001",1175863,"CA","Reuse: Irrigation",100,100,""
"06008001001",1175945,"CA","Outfall To Surface Waters",95,95,""
"06008001001",1175945,"CA","Reuse: Other Centralized Non-Potable",5,5,""
"06008005001",1175949,"CA","Discharge To Another Facility",100,100,"06008010003"
"06008029001",1175985,"CA","Discharge To Another Facility",100,0,"06008004001"
"06009021001",1176053,"CA","Discharge To Another Facility",100,100,"06009031001"
