,CWNS_ID,FACILITY_ID,STATE_CODE,PERMIT_NUMBER_CWNS,PERMIT_SOURCE,PERMIT_TYPE,FACILITY_ID_CIWQS
0,6008010006,3486596,CA,R8-04-020,Non-NPDES,State,
1,6008010006,3486596,CA,CA8000073,NPDES,Individual Permit,
2,6025266001,3233652,CA,CA0000000,Non-NPDES,Permit not found in NPDES lookup,
3,6001049001,1175215,CA,CA0024040,NPDES,Individual Permit,240318
4,6004009005,1175481,CA,CA0054011,NPDES,Individual Permit,238646
5,6003017001,1238812,CA,CA0047996,NPDES,Individual Permit,213281
6,6002060007,1175319,CA,R2-86-86 ,Non-NPDES,State,
7,6005077001,1175595,CA,CA0078948,NPDES,Individual Permit,266737
8,6005226001,1175717,CA,CA0081485,NPDES,Individual Permit,273166
9,6006009001,1175862,CA,CA0102822,NPDES,Individual Permit,270419
10,6008038001,1175992,CA,CA0110604,NPDES,Individual Permit,758392
10,6008038001,1175992,CA,CA0110604,NPDES,Individual Permit,259158
11,6000000094,3607861,CA,CAS612008,Non-NPDES,State - Other,
12,6004010005,1175495,CA,CA0053856,NPDES,Individual Permit,267130
13,6000000103,3607909,CA,CA0107409,NPDES,Individual Permit,248796
14,6000000103,3607909,CA,CA0109398,NPDES,Individual Permit,850597
14,6000000103,3607909,CA,CA0109398,NPDES,Individual Permit,244506
15,6000000105,3607961,CA,CA8000304,NPDES,Individual Permit,259178
16,6000000089,3607790,CA,CA8000408,Non-NPDES,Permit not found in NPDES lookup,
17,6008060001,1176008,CA,CA0110604,NPDES,Individual Permit,758392
17,6008060001,1176008,CA,CA0110604,NPDES,Individual Permit,259158
18,6000000114,3608100,CA,CA0038440,NPDES,Individual Permit,
19,6000000118,3608104,CA,CAS004002,NPDES,Individual Permit,
20,6002052001,1175310,CA,CA0037559,NPDES,Individual Permit,246217
21,6006007001,1175860,CA,2006-0003-DWQ,Non-NPDES,State - Other,
22,6007021001,1175929,CA,R7-2022-0008,Non-NPDES,State - Other,204870
23,6005246001,1175732,CA,R5-2021-0025,Non-NPDES,State - Other,273108
24,6005551001,1175825,CA,"R5-2012-0045,",Non-NPDES,State - Other,
25,6005306001,1175758,CA,CAL000433,NPDES,Associated Permit Record,
26,6000000230,3611330,CA,2006-0003-DWQ,Non-NPDES,State - Other,
27,6005316001,1175765,CA,R5-2017-0109,Non-NPDES,Other,
28,6002060003,1175317,CA,2006-0003-DWQ,Non-NPDES,State - Other,
29,6005014001,1175536,CA,N0.·5-00-193,Non-NPDES,Other,
30,6005325001,1175771,CA,R5-2010-0087,Non-NPDES,Other,
31,6005511002,1175815,CA,R5-2013-0062,Non-NPDES,Other,220495
32,6007003001,1175910,CA,R7-2015-0013,Non-NPDES,State - Other,
33,6003046001,1175414,CA,NO.98-62,Non-NPDES,Other,
34,6004009010,1175486,CA,R6T-2011-0012,Non-NPDES,State - Other,
35,6005143001,1175664,CA,ORDER R5-2015-0053,Non-NPDES,Other,
36,6005178001,1175688,CA,2020-0015-DWQ,Non-NPDES,State - Other,
37,6005158001,1175676,CA,ORDER NO: R5-2014-01,Non-NPDES,Other,
38,6001065001,1175224,CA,R1?2015?0026,Non-NPDES,Other,
39,6005032001,1175554,CA,CAL010550,NPDES,Associated Permit Record,
40,6005022001,1175543,CA,R5-2004-0008,Non-NPDES,State - Other,273127
41,6005082021,3489196,CA,CA0085278,NPDES,Individual Permit,717684
42,6002032004,442052,CA,CA0110116,NPDES,Individual Permit,
43,6002071001,1175331,CA,CA0037958,NPDES,Individual Permit,244705
44,6003058001,1175426,CA,CA0047830,NPDES,Individual Permit,206888
45,6004011010,1175498,CA,R4-01-155,Non-NPDES,State,
46,6005011001,1175532,CA,CA0079081,NPDES,Individual Permit,271805
47,6005025001,1175546,CA,CA0079138,NPDES,Individual Permit,258739
48,6005004001,1238814,CA,CA0077950,NPDES,Individual Permit,272960
49,6002053001,1175311,CA,CA0037966,NPDES,Individual Permit,212750
50,6004014001,1175501,CA,CA0063274,NPDES,Individual Permit,
51,6008022002,1175977,CA,CA0110604,NPDES,Individual Permit,758392
51,6008022002,1175977,CA,CA0110604,NPDES,Individual Permit,259158
52,6000000165,3609119,CA,CAL000443,NPDES,Associated Permit Record,
53,6005071001,1175590,CA,5-01-255,Non-NPDES,State - Other,273187
54,6000000168,3609128,CA,2006-0003-DWQ,Non-NPDES,State - Other,
55,6002057001,1175314,CA,CA0038539,Non-NPDES,Permit not found in NPDES lookup,
56,6000000143,3608762,CA,2014-0057-DWQ,Non-NPDES,State - Other,
57,6000000206,3609689,CA,CAS612008,Non-NPDES,State - Other,
58,6005106001,1175638,CA,R5-2017-0085-001,Non-NPDES,State - Other,
59,6001007001,1175174,CA,R1-2012-0050,Non-NPDES,State - Other,209801
60,6003030001,1175398,CA,ORDER NO. R3-2019-00,Non-NPDES,Other,
61,6008044001,1175998,CA,2006-0003-DWQ,Non-NPDES,State - Other,
62,6000000213,3610443,CA,CAS000001,Non-NPDES,State - Other,
63,6000000215,3610516,CA,2006-0003-DWQ,Non-NPDES,State - Other,
64,6005064001,1175585,CA,2006-0003-DWQ,Non-NPDES,State - Other,
65,6009046001,1176084,CA,2006-0003-DWQ,Non-NPDES,State - Other,
66,6000000065,3606861,CA,CA0079103,NPDES,Individual Permit,
67,6009074002,3334975,CA,CA0107417,NPDES,Individual Permit,255218
67,6009074002,3334975,CA,CA0107417,NPDES,Individual Permit,236649
67,6009074002,3334975,CA,CA0107417,NPDES,Individual Permit,257518
67,6009074002,3334975,CA,CA0107417,NPDES,Individual Permit,257520
67,6009074002,3334975,CA,CA0107417,NPDES,Individual Permit,241540
68,6000000073,3607081,CA,CA0107611,Non-NPDES,Permit not found in NPDES lookup,222509
68,6000000073,3607081,CA,CA0107611,Non-NPDES,Permit not found in NPDES lookup,237396
68,6000000073,3607081,CA,CA0107611,Non-NPDES,Permit not found in NPDES lookup,257850
68,6000000073,3607081,CA,CA0107611,Non-NPDES,Permit not found in NPDES lookup,241053
69,6006008001,1175861,CA,R6T-2002-0030,Non-NPDES,State - Other,
70,6002001001,1175262,CA,CA0037559,NPDES,Individual Permit,246217
71,6005043001,1175563,CA,2006-0003-DWQ,Non-NPDES,State - Other,
72,6009040001,1176078,CA,R9-2007-0018,Non-NPDES,State - Other,240177
73,6002046001,1175306,CA,CA0038130,NPDES,Individual Permit,254881
74,6004009004,1175480,CA,CA0053716,NPDES,Individual Permit,235826
75,6004009007,1175483,CA,CA0054313,NPDES,Individual Permit,260494
76,6005232001,1175720,CA,CA0079511,NPDES,Individual Permit,256627
77,6029041001,3138044,CA,CAS0109266,Non-NPDES,Permit not found in NPDES lookup,
78,6008010006,3486596,CA,CA8000409,NPDES,Individual Permit,259184
78,6008010006,3486596,CA,CA8000409,NPDES,Individual Permit,259165
78,6008010006,3486596,CA,CA8000409,NPDES,Individual Permit,259166
78,6008010006,3486596,CA,CA8000409,NPDES,Individual Permit,742794
78,6008010006,3486596,CA,CA8000409,NPDES,Individual Permit,259169
79,6002156001,1175366,CA,2006-0003-DWQ,Non-NPDES,State - Other,
80,6000000097,3607868,CA,CAS000001,Non-NPDES,State - Other,
81,6000000093,3607833,CA,CAS004004,Non-NPDES,Permit not found in NPDES lookup,
82,6009047001,1176085,CA,R9-2007-0005,Non-NPDES,State - Other,
83,6002174001,3008943,CA,2006-0003-DWQ,Non-NPDES,State - Other,
84,6004010005,1175495,CA,CA0109991,NPDES,Individual Permit,232063
85,6000000090,3607791,CA,R8-2002-0077,Non-NPDES,State - Other,
86,6004020001,1175507,CA,R4-2009-0027-A02,Non-NPDES,State - Other,
87,6005000002,3514618,CA,CA0077682,NPDES,Individual Permit,254981
88,6000000068,3606909,CA,CA0037869,NPDES,Individual Permit,
89,6009019001,1176050,CA,CA0107417,Non-NPDES,Permit not found in NPDES lookup,255218
89,6009019001,1176050,CA,CA0107417,Non-NPDES,Permit not found in NPDES lookup,236649
89,6009019001,1176050,CA,CA0107417,Non-NPDES,Permit not found in NPDES lookup,257518
89,6009019001,1176050,CA,CA0107417,Non-NPDES,Permit not found in NPDES lookup,257520
89,6009019001,1176050,CA,CA0107417,Non-NPDES,Permit not found in NPDES lookup,241540
90,6000000068,3606909,CA,CA0037559,NPDES,Individual Permit,246217
91,6008023005,2942682,CA,CA0110604,NPDES,Individual Permit,758392
91,6008023005,2942682,CA,CA0110604,NPDES,Individual Permit,259158
92,6008023001,2942642,CA,CA0110604,NPDES,Individual Permit,758392
92,6008023001,2942642,CA,CA0110604,NPDES,Individual Permit,259158
93,6008023002,2945322,CA,CA0110604,NPDES,Individual Permit,758392
93,6008023002,2945322,CA,CA0110604,NPDES,Individual Permit,259158
94,6008023003,2945422,CA,CA0110604,NPDES,Individual Permit,758392
94,6008023003,2945422,CA,CA0110604,NPDES,Individual Permit,259158
95,6006004001,1175857,CA,R6T-2004-0010,Non-NPDES,State - Other,
96,6000000120,3608161,CA,CAS0109266,Non-NPDES,Permit not found in NPDES lookup,
97,6000000123,3608282,CA,R5-2014-0162,Non-NPDES,State - Other,215677
98,6005126001,1175657,CA,R5-2007-0147,Non-NPDES,State - Other,
99,6006065001,1175901,CA,2006-0003-DWQ,Non-NPDES,State - Other,
100,6000000141,3608717,CA,CAS000001,Non-NPDES,State - Other,
101,6005026001,1175548,CA,R5-2021-0026,Non-NPDES,State - Other,273122
102,6000000142,3608724,CA,CAS000001,Non-NPDES,State - Other,
103,6005098002,3479031,CA,CA0082589,NPDES,Individual Permit,258676
104,6005043001,1175563,CA,WDR 90-271,Non-NPDES,State - Other,
105,6025043001,2859980,CA,2006-0003-DWQ,Non-NPDES,State - Other,
106,6008026001,1175981,CA,2006-0003-DWQ,Non-NPDES,State - Other,
107,6001006001,1175172,CA,2006-0003-DWQ,Non-NPDES,State - Other,
108,6001030001,1175198,CA,2006-0003-DWQ,Non-NPDES,State - Other,
109,6005177001,1175687,CA,95-200,Non-NPDES,State - Other,
110,6008100001,1176031,CA,RB-2015-0023,Non-NPDES,State - Other,
111,6005027001,1175549,CA,CA0077682,NPDES,Individual Permit,254981
112,6009014002,1176046,CA,R9-2004-0223,Non-NPDES,State - Other,226637
113,6000000157,3608995,CA,CA0049964,NPDES,Individual Permit,256039
114,6008020003,3518636,CA,CA8000395,NPDES,Individual Permit,259174
115,6004012500,3531736,CA,CAS004001,NPDES,Individual Permit,
116,6001020001,1175189,CA,CA0022748,NPDES,Individual Permit,252750
117,6001035001,1175201,CA,CA0022977,NPDES,Individual Permit,214888
118,6003044001,1175412,CA,CA0048216,NPDES,Individual Permit,271872
119,6005233001,1175721,CA,CA0079529,NPDES,Individual Permit,
120,6005240001,1175727,CA,CA0078921,NPDES,Individual Permit,
121,6001040001,1175205,CA,CA0023574,NPDES,Individual Permit,215966
122,6002074001,1175336,CA,CA0038016,NPDES,Individual Permit,258386
123,6003012001,1175381,CA,CA0048551,NPDES,Individual Permit,241740
124,6003047001,1175415,CA,CA0047902,NPDES,Individual Permit,255337
125,6004010004,1175494,CA,CA0056227,NPDES,Individual Permit,267571
126,6005081001,1175598,CA,CA0079260,NPDES,Individual Permit,274556
127,6005157001,1175675,CA,CA0078051,NPDES,Individual Permit,241800
128,6000000211,3610284,CA,CAS000001,Non-NPDES,State - Other,
129,6008065001,1176011,CA,2006-0003-DWQ,Non-NPDES,State - Other,
130,6002042001,1175300,CA,CA0038881,NPDES,Individual Permit,879361
131,6005113001,1175644,CA,2000-0003-DWQ,Non-NPDES,State - Other,
132,6003019001,1175386,CA,CA0049981,NPDES,Individual Permit,
133,6005297001,1175754,CA,CAL081272,NPDES,Associated Permit Record,
134,6006009002,3522480,CA,2006-003-DWQ,Non-NPDES,State - Other,
135,6006027001,1175883,CA,WDID No.: 6A26530090,Non-NPDES,Other,
136,6005160001,1175678,CA,CAL010540,NPDES,Associated Permit Record,
137,6005012001,1175534,CA,CAL010541,NPDES,Associated Permit Record,
138,6001056001,3477690,CA,R1-2012-0029,Non-NPDES,State - Other,236258
139,6005060004,1175582,CA,WDR Order No. 97-249,Non-NPDES,State - Other,
140,6005693001,1175847,CA,2014-0153-DWQ-R5303,Non-NPDES,Other,
141,6004008010,1175469,CA,R4-2015-0051,Non-NPDES,State - Other,766648
142,6005145001,1175665,CA,R5-2012-0025,Non-NPDES,Other,241869
143,6005039001,1175559,CA,2006-0003-DWQ,Non-NPDES,State - Other,
144,6005019004,395847,CA,NO. 5-01-251,Non-NPDES,Other,
145,6007010001,1175920,CA,CAL000372,NPDES,Associated Permit Record,
146,6006012001,1175865,CA,2006-0003-DWQ,Non-NPDES,State - Other,
147,6005169001,1175684,CA,R5-2007-0149,Non-NPDES,State - Other,235144
148,6008083001,1176027,CA,2006-0003-DWQ,Non-NPDES,State - Other,
149,6001016001,1175185,CA,No. R1-2019-0002,Non-NPDES,Other,
150,6002113001,1175351,CA,2006-0003-DWQ,Non-NPDES,State - Other,
151,6005125001,1175656,CA,NO.5-01-071,Non-NPDES,Other,
152,6022047001,427722,CA,CAS108766,NPDES,Individual Permit,
153,6002041001,1175299,CA,CA0037842,NPDES,Individual Permit,255333
154,6002155001,1175365,CA,CA0037711,NPDES,Individual Permit,255788
155,6007022001,1175930,CA,CA0104523,NPDES,Individual Permit,210272
156,6007022001,1175930,CA,R7-05-21,Non-NPDES,State,
157,6002021001,1175279,CA,CA0037885,NPDES,Individual Permit,248886
158,6005162001,1175680,CA,CA0079464,NPDES,Individual Permit,255180
159,6008010001,1175959,CA,CA0105279,Non-NPDES,Permit not found in NPDES lookup,
160,6008010001,1175959,CA,R8-01-01 ,Non-NPDES,State,
161,6008010001,1175959,CA,CA8000409,NPDES,Individual Permit,259184
161,6008010001,1175959,CA,CA8000409,NPDES,Individual Permit,259165
161,6008010001,1175959,CA,CA8000409,NPDES,Individual Permit,259166
161,6008010001,1175959,CA,CA8000409,NPDES,Individual Permit,742794
161,6008010001,1175959,CA,CA8000409,NPDES,Individual Permit,259169
162,6009041001,1176079,CA,CA0107433,NPDES,Individual Permit,236019
162,6009041001,1176079,CA,CA0107433,NPDES,Individual Permit,255392
163,6021010005,2902596,CA,CAS000001,Non-NPDES,State - Other,
164,6023029001,3378890,CA,CA0049981,NPDES,Individual Permit,
165,6002156001,1175366,CA,CA0037711,NPDES,Individual Permit,255788
166,6002156001,1175366,CA,CA0038067,NPDES,Individual Permit,255802
167,6000000095,3607863,CA,CAS612008,NPDES,Individual Permit,
168,6000000103,3607909,CA,CA0109045,NPDES,Individual Permit,257831
169,6000000102,3607908,CA,CA0109398,NPDES,Individual Permit,850597
169,6000000102,3607908,CA,CA0109398,NPDES,Individual Permit,244506
170,6000000100,3607879,CA,2006-0003-DWQ,Non-NPDES,State - Other,
171,6008016001,1175967,CA,2006-0003-DWQ,Non-NPDES,State - Other,
172,6000000098,3607877,CA,2006-0003-DWQ,Non-NPDES,State - Other,
173,6000000112,3608022,CA,2006-0003-DWQ,Non-NPDES,Other,
174,6000000128,3608301,CA,CAS000001,Non-NPDES,State - Other,
175,6000000136,3608525,CA,CAS000001,Non-NPDES,State - Other,
176,6009015003,1176047,CA,2006-0003-DWQ,Non-NPDES,State - Other,
177,6005061001,1238816,CA,2006-0003-DWQ,Non-NPDES,State - Other,
178,6008045001,1175999,CA,CA0110604,NPDES,Individual Permit,758392
178,6008045001,1175999,CA,CA0110604,NPDES,Individual Permit,259158
179,6004009009,1175485,CA,R6V-2002-053,Non-NPDES,State - Land Application,
180,6008036001,1175991,CA,2006-0003-DWQ,Non-NPDES,State - Other,
181,6009043001,1176082,CA,2006-0003-DWQ,Non-NPDES,State - Other,
182,6001062001,1175222,CA,2006-0003-DWQ,Non-NPDES,State - Other,
183,6000000227,3610913,CA,CAS000001,Non-NPDES,State - Other,
184,6008076001,1176022,CA,2006-0003-DWQ,Non-NPDES,State - Other,
185,6005055001,1175574,CA,93-088,Non-NPDES,State - Other,227843
186,6005008001,1175528,CA,Order No. 91-164,Non-NPDES,State - Other,
187,6005160001,1175678,CA,R5-2021-0046,Non-NPDES,Other,233460
188,6001093001,1175240,CA,WDR 95-002,Non-NPDES,State - Other,
189,6002063002,1175323,CA,2006-0003-DWQ,Non-NPDES,State - Other,
190,6001055001,1175221,CA,CA0023027,NPDES,Individual Permit,256749
191,6002125001,1175358,CA,CA0038369,NPDES,Individual Permit,255833
192,6004010001,1175491,CA,CA0109991,NPDES,Individual Permit,232063
193,6022175001,3225490,CA,CA0029831,Non-NPDES,Permit not found in NPDES lookup,
194,6009004001,1176034,CA,CA0108031,NPDES,Individual Permit,224137
195,6022054001,3489911,CA,CAS612007,Non-NPDES,State - Other,
196,6012001081,3088272,CA,CA0107417,NPDES,Individual Permit,255218
196,6012001081,3088272,CA,CA0107417,NPDES,Individual Permit,236649
196,6012001081,3088272,CA,CA0107417,NPDES,Individual Permit,257518
196,6012001081,3088272,CA,CA0107417,NPDES,Individual Permit,257520
196,6012001081,3088272,CA,CA0107417,NPDES,Individual Permit,241540
197,6000000301,3612652,CA,CA1000001,Non-NPDES,Permit not found in NPDES lookup,255165
198,6000000303,3612732,CA,2014-0194-DWQ,Non-NPDES,Other,
199,6000000313,3613126,CA,DWQ- 2014-0194,Non-NPDES,Other,
200,6000000066,3606862,CA,CAS0085324,Non-NPDES,Permit not found in NPDES lookup,
201,6000000083,3607553,CA,CA0104973,Non-NPDES,Permit not found in NPDES lookup,216446
202,6000000084,3607554,CA,CAS617002,NPDES,Individual Permit,
203,6000000092,3607832,CA,2006-0003-DWQ,Non-NPDES,State - Other,
204,6000000091,3607829,CA,CA0038776,NPDES,Individual Permit,212585
205,6004010005,1175495,CA,CA0056227,NPDES,Individual Permit,267571
206,6005235001,1175722,CA,R5-2014-0098,Non-NPDES,State - Other,220396
207,6000000107,3607986,CA,CAS000004,Non-NPDES,Permit not found in NPDES lookup,
208,6000000099,3607878,CA,CA0078590,NPDES,Individual Permit,220315
209,6000000119,3608134,CA,CAS0085324,Non-NPDES,Permit not found in NPDES lookup,
210,6000000121,3608175,CA,CA8000027,NPDES,Individual Permit,259214
211,6009023001,1176055,CA,2006-0003-DWQ,Non-NPDES,State - Other,
212,6000000158,3608996,CA,CAS612008,NPDES,Individual Permit,
213,6000000181,3609275,CA,R6V-2013-0058,Non-NPDES,State - Other,
214,6000000219,3610609,CA,2006-0003-DWQ,Non-NPDES,State - Other,
215,6006011001,1175864,CA,2016-0039-DWQ,Non-NPDES,State - Other,
216,6005310001,1175761,CA,CAL000435,NPDES,Associated Permit Record,
217,6000000290,3611459,CA,2006-0003-DWQ,Non-NPDES,State - Other,
218,6005366001,1175793,CA,R5-2009-0108,Non-NPDES,Other,214650
219,6003018001,1175385,CA,2006-0003-DWQ,Non-NPDES,State - Other,
220,6002079001,3480210,CA,2006-0003-DWQ,Non-NPDES,State - Other,
221,6000000313,3613126,CA,CAC417109,NPDES,General Permit Covered Facility,
222,6000000305,3612766,CA,R5-2016-0023,Non-NPDES,Other,
223,6022039001,3347694,CA,CAS612008,NPDES,Individual Permit,
224,6008020002,1175974,CA,R8-2011-0015,Non-NPDES,State - Other,259173
225,6008023014,2944225,CA,CA0110604,NPDES,Individual Permit,758392
225,6008023014,2944225,CA,CA0110604,NPDES,Individual Permit,259158
226,6000000096,3607867,CA,2006-0003-DWQ,Non-NPDES,State - Other,
227,6006012501,3533076,CA,2006-0003-DWQ,Non-NPDES,State - Other,
228,6029031001,402846,CA,CAS0109266,Non-NPDES,Permit not found in NPDES lookup,
229,6022012001,3514318,CA,CA0037834,NPDES,Individual Permit,247457
230,6008005001,1175949,CA,2006-0003-DWQ,Non-NPDES,State - Other,
231,6000000130,3608420,CA,2006-0003-DWQ,Non-NPDES,State - Other,
232,6002091001,1175343,CA,2006-0003-DWQ,Non-NPDES,State - Other,
233,6000000137,3608581,CA,2020-0015-DWQ,Non-NPDES,State - Other,
234,6006020001,1175875,CA,2006-0003-DWQ,Non-NPDES,State - Other,
235,6000000139,3608621,CA,CAS000001,Non-NPDES,State - Other,
236,6005019002,3478130,CA,R5-2016-0028-01,Non-NPDES,State - Other,
237,6009015003,1176047,CA,R9-2007-0037,Non-NPDES,State - Other,
238,6000000153,3608861,CA,R7-2020-0011,Non-NPDES,State - Other,864305
239,6000000149,3608850,CA,CA0054011,NPDES,Individual Permit,238646
240,6003040001,1175407,CA,R3-2010-0001,Non-NPDES,State - Other,
241,6009009001,1176040,CA,2006-0003-DWQ,Non-NPDES,State - Other,
242,6025246001,2821302,CA,CAS000001,Non-NPDES,State - Other,
243,6000000154,3608935,CA,6-00-56,Non-NPDES,State - Other,
244,6002122001,1175356,CA,2006-0003-DWQ,Non-NPDES,State - Other,
245,6005068001,1175588,CA,94-100,Non-NPDES,State - Other,252871
246,6005105001,1175637,CA,CA0079154,NPDES,Individual Permit,266223
247,6000000196,3609511,CA,CAS004004,Non-NPDES,Permit not found in NPDES lookup,
248,6009076001,1176095,CA,CA8000326,NPDES,Individual Permit,758391
248,6009076001,1176095,CA,CA8000326,NPDES,Individual Permit,259156
249,6005261001,1175742,CA,CAL038610,NPDES,Associated Permit Record,
250,6001050001,1175216,CA,ORDER No. R1-2019-00,Non-NPDES,Other,
251,6008010009,410658,CA,2006-0003-DWQ,Non-NPDES,State - Other,
252,6003063001,1175430,CA,NO. R3-2008-0069,Non-NPDES,Other,
253,6005198001,1175702,CA,R5-2010-0050,Non-NPDES,Other,
254,6005108001,1175640,CA,R5-2012-000,Non-NPDES,Other,
255,6005112001,1175643,CA,Order 95-125,Non-NPDES,State - Other,
256,6002063001,1175322,CA,2006-0003-DWQ,Non-NPDES,State - Other,
257,6002063002,1175323,CA,CA0037427,NPDES,Individual Permit,239498
258,6005319001,1175766,CA,R5-2017-0078,Non-NPDES,Other,240000
259,6005511004,3477631,CA,NO. 99-004,Non-NPDES,Other,
260,6001042001,1175207,CA,CAL010509,NPDES,Associated Permit Record,
261,6007770001,3522264,CA,R7-2015-0043,Non-NPDES,State - Other,
262,6005164001,1175682,CA,NO. 93-213,Non-NPDES,Other,
263,6005082002,1175599,CA,ORDER R5-2013-0009,Non-NPDES,State - Other,
264,6003035001,1238813,CA,CAC407893,NPDES,General Permit Covered Facility,
265,6009038001,1176076,CA,CA0107417,NPDES,Individual Permit,255218
265,6009038001,1176076,CA,CA0107417,NPDES,Individual Permit,236649
265,6009038001,1176076,CA,CA0107417,NPDES,Individual Permit,257518
265,6009038001,1176076,CA,CA0107417,NPDES,Individual Permit,257520
265,6009038001,1176076,CA,CA0107417,NPDES,Individual Permit,241540
266,6000000307,3612790,CA,CAL000490,NPDES,Associated Permit Record,
267,6000000308,3612879,CA,CA0053911,NPDES,Individual Permit,260156
268,6000000081,3607551,CA,R7-2022-0009,Non-NPDES,State - Other,216445
269,6008023011,2944164,CA,CA0110604,NPDES,Individual Permit,758392
269,6008023011,2944164,CA,CA0110604,NPDES,Individual Permit,259158
270,6000000116,3608102,CA,CA0038440,NPDES,Individual Permit,
271,6000000115,3608101,CA,CA0038440,NPDES,Individual Permit,
272,6009075001,1176094,CA,CA0107417,NPDES,Individual Permit,255218
272,6009075001,1176094,CA,CA0107417,NPDES,Individual Permit,236649
272,6009075001,1176094,CA,CA0107417,NPDES,Individual Permit,257518
272,6009075001,1176094,CA,CA0107417,NPDES,Individual Permit,257520
272,6009075001,1176094,CA,CA0107417,NPDES,Individual Permit,241540
273,6000000124,3608283,CA,CA8000188,NPDES,Individual Permit,
274,6000000086,3607691,CA,2006-0003-DWQ,Non-NPDES,State - Other,
275,6000000127,3608300,CA,CAS000001,Non-NPDES,State - Other,
276,6009049001,1176086,CA,2006-0003-DWQ,Non-NPDES,State - Other,
277,6000000135,3608519,CA,CAS000001,Non-NPDES,State - Other,
278,6002016001,1175275,CA,2006-0003-DWQ,Non-NPDES,State - Other,
279,6000000146,3608836,CA,2006-0003-DWQ,Non-NPDES,State - Other,
280,6000000151,3608857,CA,CAS004004,Non-NPDES,Permit not found in NPDES lookup,
281,6002033001,1175290,CA,2006-0003-DWQ,Non-NPDES,State - Other,
282,6000000209,3610185,CA,CAS000001,Non-NPDES,State - Other,
283,6000000210,3610259,CA,Order No. 5-01- 033,Non-NPDES,State - Other,
284,6005056001,1175575,CA,R5-2014-0163,Non-NPDES,State - Other,273119
285,6005288001,1175751,CA,2006-0003-DWQ,Non-NPDES,State - Other,
286,6012004008,412595,CA,CAG674001,Non-NPDES,Permit not found in NPDES lookup,
287,6000000225,3610792,CA,CAS000001,Non-NPDES,State - Other,
288,6009018001,1176049,CA,2006-0003-DWQ,Non-NPDES,State - Other,
289,6005046001,1175566,CA,ORDER NO. 92-094,Non-NPDES,Other,
290,6005108001,1175640,CA,CAL010521,NPDES,Associated Permit Record,
291,6005057001,1175576,CA,NO. R5-2012-0006,Non-NPDES,Other,
292,6008071001,1176017,CA,2006-0003-DWQ,Non-NPDES,State - Other,
293,6002049001,1175309,CA,WDR 2006-0003-DWQ,Non-NPDES,State - Other,
294,6005063001,1175584,CA,R5-2009-0109,Non-NPDES,Other,
295,6005094001,1238819,CA,R5-2011-0092,Non-NPDES,State - Other,248753
296,6005109001,1175641,CA,WDR R5-2002-0202,Non-NPDES,State - Other,
297,6001003001,1175169,CA,ORDER No. R1-2018-00,Non-NPDES,Other,
298,6001054001,1175220,CA,NO.96-070,Non-NPDES,Other,
299,6001021001,1175190,CA,CA0025054,NPDES,Individual Permit,
300,6009074001,1176093,CA,CA0107417,NPDES,Individual Permit,255218
300,6009074001,1176093,CA,CA0107417,NPDES,Individual Permit,236649
300,6009074001,1176093,CA,CA0107417,NPDES,Individual Permit,257518
300,6009074001,1176093,CA,CA0107417,NPDES,Individual Permit,257520
300,6009074001,1176093,CA,CA0107417,NPDES,Individual Permit,241540
301,6004009014,3482611,CA,00-099,Non-NPDES,Other,
302,6000000085,3607599,CA,CAS004004,Non-NPDES,Permit not found in NPDES lookup,
303,6002058001,1175315,CA,R2-00-016,Non-NPDES,State,
304,6002058001,1175315,CA,CA0038598,NPDES,Individual Permit,255139
305,6004032001,1175516,CA,CA0055531,NPDES,Individual Permit,212135
306,6005024001,1175545,CA,R5-04-097,Non-NPDES,State,
307,6005024001,1175545,CA,CA0079022,NPDES,Individual Permit,
308,6008006002,1175951,CA,CA8000188,NPDES,Individual Permit,
309,6004002001,1175457,CA,CA0053961,NPDES,Individual Permit,246616
310,6008024001,1175978,CA,CA0105236,NPDES,Individual Permit,259146
311,6025373001,3141043,CA,CA0083470,Non-NPDES,Permit not found in NPDES lookup,
312,6000000101,3607883,CA,R9-2015-0001,Non-NPDES,State - Other,
313,6000000122,3608176,CA,96-63,Non-NPDES,Other,
314,6009033001,1176072,CA,2006-0003-DWQ,Non-NPDES,State - Other,
315,6006005001,1175858,CA,R6V-2019-0252,Non-NPDES,State - Other,208769
316,6009019002,1176051,CA,2006-0003-DWQ,Non-NPDES,State - Other,
317,6000000147,3608839,CA,2006-0003-DWQ,Non-NPDES,State - Other,
318,6003040001,1175407,CA,2006-0003-DWQ,Non-NPDES,State - Other,
319,6005216001,1175710,CA,2006-0003-DWQ,Non-NPDES,State - Other,
320,6000000199,3609569,CA,CAS612008,NPDES,Individual Permit,
321,6003030001,1175398,CA,CAL010562,NPDES,Associated Permit Record,
322,6005100001,1175620,CA,R5-2002-0224,Non-NPDES,State - Other,205396
323,6000000220,3610610,CA,CAS000001,Non-NPDES,State - Other,
324,6008072001,1176018,CA,2006-0003-DWQ,Non-NPDES,State - Other,
325,6005042003,1175562,CA,R5-2017-0052,Non-NPDES,State - Land Application,273109
326,6000000226,3610894,CA,CA 2006-003-DWQ,Non-NPDES,State - Other,
327,6003072001,1175440,CA,2006-0003-DWQ,Non-NPDES,State - Other,
328,6000000229,3611186,CA,2006-003-DWQ,Non-NPDES,State - Other,
329,6005306001,1175758,CA,R5-2022-0059,Non-NPDES,Other,273174
330,6006010001,1175863,CA,R6V-2009-0035,Non-NPDES,State - Other,
331,6005310001,1175761,CA,R5-2019-0008,Non-NPDES,Other,273120
332,6005238001,1175725,CA,NO. 91-098,Non-NPDES,Other,
333,6000000294,3612365,CA,2014-0153-dwq-r5177,Non-NPDES,State - Other,
334,6009016001,1176048,CA,Order No. 92-04,Non-NPDES,State - Other,
335,6003014001,1175382,CA,CA0047881,NPDES,Individual Permit,
336,6005249001,1175733,CA,R5-2008-0173,Non-NPDES,State - Other,
337,6005249001,1175733,CA,CA0078662,NPDES,Individual Permit,
338,6005045001,1175565,CA,CA0081621,NPDES,Individual Permit,220548
339,6005054001,1175573,CA,CA0081434,NPDES,Individual Permit,
340,6005227001,1238820,CA,CA0079502,NPDES,Individual Permit,
341,6025121001,2860055,CA,CA0000000,Non-NPDES,Permit not found in NPDES lookup,
342,6003033001,3486842,CA,CA0048941,NPDES,Individual Permit,230132
343,6002024001,1175282,CA,CA0037770,NPDES,Individual Permit,241815
344,6004029001,1175514,CA,CA0053597,NPDES,Individual Permit,216719
345,6007014001,1175922,CA,CA0104400,NPDES,Individual Permit,232297
346,6007029001,1175936,CA,CA0104477,NPDES,Individual Permit,270096
347,6001028001,1175196,CA,CA0023078,NPDES,Individual Permit,225055
348,6002123001,1175357,CA,CA0038318,NPDES,Individual Permit,256507
349,6004016001,1175503,CA,CA0054372,NPDES,Individual Permit,208276
350,6008041002,1175996,CA,CA8000027,NPDES,Individual Permit,259214
351,6009031004,1176069,CA,CA0108928,NPDES,Individual Permit,
352,6003042001,1175409,CA,R3-03-012,Non-NPDES,State,
353,6003042001,1175409,CA,CA0048054,NPDES,Individual Permit,259377
354,6005023002,1175544,CA,CA0077704,NPDES,Individual Permit,205741
355,6007013001,1175921,CA,CA0104361,NPDES,Individual Permit,230588
356,6024000001,3500317,CA,CAS614001,NPDES,Storm Water,
357,6003061001,1175428,CA,CA0047364,NPDES,Individual Permit,213332
358,6005062001,1175583,CA,CA0079243,NPDES,Individual Permit,
359,6005064001,1175585,CA,CA0079219,NPDES,Individual Permit,214652
360,6008001001,1175945,CA,CA0105350,NPDES,Individual Permit,259150
361,6028009001,425890,CA,CAS618036,NPDES,Individual Permit,
362,6001032001,1175200,CA,CA0023639,NPDES,Individual Permit,256050
363,6005198001,1175702,CA,R5-03-089,Non-NPDES,State,
364,6005198001,1175702,CA,CA0079898,NPDES,Individual Permit,
365,6009028001,1176063,CA,CA0107999,NPDES,Individual Permit,
366,6025011001,2830221,CA,CAS000004,NPDES,Storm Water General,
367,6004009002,1175478,CA,CA0053619,NPDES,Individual Permit,250700
368,6008019001,1175972,CA,R8-01-009,Non-NPDES,State,
369,6008019001,1175972,CA,CA0105619,NPDES,Individual Permit,259161
370,6004009001,1175477,CA,CA0053813,NPDES,Individual Permit,234156
371,6005009001,1175529,CA,CA0077682,NPDES,Individual Permit,254981
372,6005218001,1175712,CA,R5-02-208,Non-NPDES,State,
373,6005265001,1175744,CA,CA0078930,NPDES,Individual Permit,
374,6005783001,1175853,CA,CA0080489,NPDES,Individual Permit,
375,6002108001,1175347,CA,CA0037851,NPDES,Individual Permit,236598
376,6004044001,1175519,CA,R4-97-041,Non-NPDES,State,
377,6004044001,1175519,CA,CA0054224,Non-NPDES,Permit not found in NPDES lookup,
378,6005066001,1175587,CA,CA0078950,NPDES,Individual Permit,
379,6005066001,1175587,CA,2006-0003-DWQ,Non-NPDES,State - Other,
380,6002084001,1175341,CA,CA0038482,NPDES,Individual Permit,
381,6003021001,1175388,CA,CA0048160,NPDES,Individual Permit,227568
382,6005031001,1175553,CA,CA0077836,NPDES,Individual Permit,245949
383,6007007001,1175913,CA,CA0105015,NPDES,Individual Permit,212739
384,6022109001,3490190,CA,CAS029831,Non-NPDES,Permit not found in NPDES lookup,
385,6001001001,1175167,CA,CA0023272,NPDES,Individual Permit,
386,6002052001,1175310,CA,CA0037869,NPDES,Individual Permit,
387,6003010001,1175379,CA,CA0048194,NPDES,Individual Permit,255632
388,6003081001,1175445,CA,CA0048003,NPDES,Individual Permit,257887
389,6004026001,1175512,CA,CA0056014,NPDES,Individual Permit,266940
390,6005205001,1175708,CA,CA0079049,NPDES,Individual Permit,219223
391,6022033001,3163051,CA,CA0000000,Non-NPDES,Permit not found in NPDES lookup,
392,6022041001,3145304,CA,CA029718 ,Non-NPDES,Permit not found in NPDES lookup,
393,6022012001,3514318,CA,CAS000004,NPDES,Storm Water General,
394,6024012500,3532616,CA,CAS004001,NPDES,Individual Permit,
395,6001045001,1175209,CA,CA0022764,NPDES,Individual Permit,255703
396,6005078001,1175596,CA,CA0079189,NPDES,Individual Permit,
397,6006002001,1175855,CA,CA0102695,NPDES,Individual Permit,259689
398,6008100001,1176031,CA,CA0107611,NPDES,Individual Permit,222509
398,6008100001,1176031,CA,CA0107611,NPDES,Individual Permit,237396
398,6008100001,1176031,CA,CA0107611,NPDES,Individual Permit,257850
398,6008100001,1176031,CA,CA0107611,NPDES,Individual Permit,241053
399,6000000138,3608601,CA,CAS000001,Non-NPDES,State - Other,
400,6002072001,1175334,CA,2006-0003-DWQ,Non-NPDES,State - Other,
401,6000000144,3608801,CA,2006-0003-DWQ,Non-NPDES,State - Other,
402,6003050001,1175418,CA,2006-0003-DWQ,Non-NPDES,State - Other,
403,6001099001,1175246,CA,No. R1-2019-0007,Non-NPDES,State - Other,
404,6005257001,1175740,CA,CA0079651,NPDES,Individual Permit,237060
405,6003049001,1175417,CA,R3-2011-0217,Non-NPDES,State - Other,
406,6000000077,3607381,CA,R4-2010-0108,Non-NPDES,State - Other,
407,6000000218,3610553,CA,2006-0003-DWQ,Non-NPDES,State - Other,
408,6005283001,3106372,CA,2006-0003-DWQ,Non-NPDES,State - Other,
409,6005058001,1175577,CA,NO. 98-090,Non-NPDES,Other,
410,6005155001,1175673,CA,R5-2013-0153,Non-NPDES,State - Other,
411,6005012001,1175534,CA,R5-2007-0115,Non-NPDES,Other,234841
412,6005123001,1175654,CA,NO. 79-143,Non-NPDES,Other,
413,6000000289,3611431,CA,2006-0003-DWQ,Non-NPDES,State - Other,
414,6005197001,1175701,CA,R5-2022-0074,Non-NPDES,State - Other,273123
415,6001002001,1175168,CA,WDR 96-068,Non-NPDES,State - Other,
416,6000000296,3612541,CA,WDR 84-118,Non-NPDES,State - Other,
417,6008003001,1175947,CA,CAS618033,NPDES,Individual Permit,
418,6007069001,1175944,CA,R7-2018-0003,Non-NPDES,Other,
419,6005282001,1175749,CA,R5-2014-0707,Non-NPDES,Other,
420,6001096001,1175243,CA,2006-0003-DWQ,Non-NPDES,State - Other,
421,6000000228,3611072,CA,2006-003-DWQ,Non-NPDES,State - Other,
422,6003070001,1175438,CA,CAS000002,Non-NPDES,Permit not found in NPDES lookup,
423,6005236001,1175723,CA,RS-2002-0136,Non-NPDES,Other,
424,6005080001,1238817,CA,NO. 94-273,Non-NPDES,Other,
425,6005360001,1238827,CA,Order No. 86-108,Non-NPDES,State - Other,
426,6000000304,3612733,CA,R1-2022-0004,Non-NPDES,Other,228109
427,6005085001,1175606,CA,2006-0003-DWQ,Non-NPDES,State - Other,
428,6005351001,1175785,CA,85-170,Non-NPDES,State - Other,273194
429,6000000310,3612940,CA,NO. 96-195,Non-NPDES,Other,
430,6000000311,3613059,CA,. R4-2018-0022,Non-NPDES,Other,
431,6008023006,2942689,CA,CA0110604,NPDES,Individual Permit,758392
431,6008023006,2942689,CA,CA0110604,NPDES,Individual Permit,259158
432,6009031002,1176067,CA,CA0109398,NPDES,Individual Permit,850597
432,6009031002,1176067,CA,CA0109398,NPDES,Individual Permit,244506
433,6005010002,1175531,CA,CAL000476,NPDES,Associated Permit Record,
434,6000000098,3607877,CA,CA0078590,NPDES,Individual Permit,220315
435,6002081001,1175339,CA,CA0038733,NPDES,Individual Permit,
436,6000000117,3608103,CA,R4-2011-0079,Non-NPDES,State - Other,
437,6000000076,3607353,CA,CAS612008,NPDES,Individual Permit,
438,6000000080,3607474,CA,CA0037842,NPDES,Individual Permit,255333
439,6022041002,470876,CA,CAS612008,NPDES,Individual Permit,
440,6000000082,3607552,CA,R7-2018-0001,Non-NPDES,State - Other,247419
441,6005053001,1175571,CA,R5-2018-0080,Non-NPDES,State - Other,273115
442,6000000134,3608500,CA,CAS000001,Non-NPDES,State - Other,
443,6000000140,3608711,CA,R5-2014-0004,Non-NPDES,State - Other,273133
444,6005142001,1175663,CA,Order No. 5-00-093,Non-NPDES,State - Land Application,
445,6000000223,3610714,CA,CAS000001,Non-NPDES,State - Other,
446,6008069001,1176015,CA,2006-0003-DWQ,Non-NPDES,State - Other,
447,6001013001,1175183,CA,R1-2008-0003,Non-NPDES,Other,
448,6005057001,1175576,CA,NO. 90-186,Non-NPDES,Other,
449,6005511003,3477617,CA,2014-0153-DWQ,Non-NPDES,Other,236252
449,6005511003,3477617,CA,2014-0153-DWQ,Non-NPDES,Other,219219
450,6007032001,1175939,CA,CAL000410,NPDES,Associated Permit Record,
451,6000000295,3612367,CA,R5-2006-0127,Non-NPDES,State - Other,227980
452,6001004001,1175170,CA,NO.96-28,Non-NPDES,Other,
453,6005078001,1175596,CA,R5-2018-0046,Non-NPDES,Other,273138
454,6005421001,1175804,CA,R5-2017-0085-011,Non-NPDES,State - Other,
455,6001048001,1175214,CA,R1-2022-0015,Non-NPDES,State - Other,248791
456,6005607001,1175831,CA,ORDER NO. 98-214,Non-NPDES,State - Other,
457,6003083001,1175446,CA,2014-0153-DWQ,Non-NPDES,State - Other,236252
457,6003083001,1175446,CA,2014-0153-DWQ,Non-NPDES,State - Other,219219
458,6008010004,3486590,CA,CA8000409,NPDES,Individual Permit,259184
458,6008010004,3486590,CA,CA8000409,NPDES,Individual Permit,259165
458,6008010004,3486590,CA,CA8000409,NPDES,Individual Permit,259166
458,6008010004,3486590,CA,CA8000409,NPDES,Individual Permit,742794
458,6008010004,3486590,CA,CA8000409,NPDES,Individual Permit,259169
459,6002001001,1175262,CA,CA0037869,NPDES,Individual Permit,
460,6000000087,3607695,CA,2006-0003-DWQ,Non-NPDES,State - Other,
461,6000000129,3608381,CA,CAS000004,Non-NPDES,State - Other,
462,6000000131,3608421,CA,2006-0003-DWQ,Non-NPDES,State - Other,
463,6003060001,1175427,CA,CA0049964,NPDES,Individual Permit,256039
464,6003076001,1175443,CA,CA0049964,NPDES,Individual Permit,256039
465,6005147001,1175667,CA,2006-0003-DWQ,Non-NPDES,State - Other,
466,6000000176,3609213,CA,2006-0003-DWQ,Non-NPDES,State - Other,
467,6002121001,1175355,CA,2006-0003-DWQ,Non-NPDES,Other,
468,6000000200,3609584,CA,CAS612008,NPDES,Individual Permit,
469,6005187001,1175696,CA,CA0085201,NPDES,Individual Permit,205793
470,6005261001,1175742,CA,5-00-231,Non-NPDES,State - Other,
471,6025023002,2875505,CA,CAS000004,Non-NPDES,Permit not found in NPDES lookup,
472,6001064001,1175223,CA,WDR 98-004,Non-NPDES,State - Other,
473,6009069001,3368012,CA,R7-2019-0015,Non-NPDES,State - Other,210088
474,6008009001,1175958,CA,2006-0003-DWQ,Non-NPDES,State - Other,
475,6004004001,1175459,CA,2006-0003-DWQ,Non-NPDES,State - Other,
476,6000000216,3610529,CA,2006-0003-DWQ,Non-NPDES,State - Other,
477,6001035001,1175201,CA,2006-0003-DWQ,Non-NPDES,State - Other,
478,6005284001,1175750,CA,ORDER NO. 94-184,Non-NPDES,Other,
479,6000000222,3610650,CA,CAS000001,Non-NPDES,State - Other,
480,6006021001,1175876,CA,WDR-R6-1994-0057,Non-NPDES,Other,
481,6001012001,1175182,CA,R1-2011-0096,Non-NPDES,Other,
482,6006027001,1175883,CA,NO. 6·01·12,Non-NPDES,Other,
483,6006013001,1175866,CA,2013-0002-DWQ,Non-NPDES,State - Other,
484,6006010001,1175863,CA,2006-0003-DWQ,Non-NPDES,State - Other,
485,6005322001,1175769,CA,2006-0003-DWQ,Non-NPDES,State - Other,
486,6009020001,1176052,CA,NO. 94-80,Non-NPDES,Other,
487,6005080001,1238817,CA,CAL010535,NPDES,Associated Permit Record,
488,6000000300,3612651,CA,R5-2013-0114,Non-NPDES,State - Other,
489,6000000302,3612659,CA,CA0084069,NPDES,Individual Permit,240864
490,6000000075,3607083,CA,R9-2013-0001,Non-NPDES,State - Other,
491,6005010001,1175530,CA,CAL000407,NPDES,Associated Permit Record,
492,6000000100,3607879,CA,CA0078590,NPDES,Individual Permit,220315
493,6000000108,3607994,CA,CAS000001,Non-NPDES,State - Other,
494,6003028001,1175395,CA,2006-0003-DWQ,Non-NPDES,State - Other,
495,6002110001,1175349,CA,2006-0003-DWQ,Non-NPDES,State - Other,
496,6000000113,3608023,CA,CAS000004,Non-NPDES,Permit not found in NPDES lookup,
497,6000000126,3608299,CA,2006-0003-DWQ,Non-NPDES,State - Other,
498,6000000150,3608852,CA,CAS0085324,Non-NPDES,Permit not found in NPDES lookup,
499,6005001001,1175523,CA,R5-2012-0063,Non-NPDES,State - Other,245602
500,6000000174,3609167,CA,R5-2008-0034,Non-NPDES,State - Other,273130
501,6006041001,1175894,CA,R6V-2019-0251,Non-NPDES,State - Other,253293
502,6000000171,3609136,CA,CA0038369,NPDES,Individual Permit,255833
503,6001038001,1175204,CA,NO. 91-130,Non-NPDES,State - Other,
504,6000000212,3610370,CA,CAS000001,Non-NPDES,State - Other,
505,6003069001,1175437,CA,2006-0003-DWQ,Non-NPDES,State - Other,
506,6000000109,3608001,CA,2006-0003-DWQ,Non-NPDES,State - Other,
507,6000000221,3610640,CA,CAS000001,Non-NPDES,State - Other,
508,6002157001,1175367,CA,2006-0003-DWQ,Non-NPDES,State - Other,
509,6003005001,1175376,CA,CAL010561,NPDES,Associated Permit Record,
510,6005282001,1175749,CA,CAL010533,NPDES,Associated Permit Record,
511,6008014001,1175964,CA,2006-0003-DWQ,Non-NPDES,State - Other,
512,6005051001,1175570,CA,89-171,Non-NPDES,State - Other,273170
513,6008002001,1175946,CA,2006-0003-DWQ,Non-NPDES,State - Other,
514,6003022001,1175389,CA,R3-2002-0062,Non-NPDES,State - Other,
515,6005055001,1175574,CA,2006-0003-DWQ,Non-NPDES,State - Other,
516,6005159001,1175677,CA,2006-0003-DWQ,Non-NPDES,State - Other,
517,6001082001,1175233,CA,CA0025135,NPDES,Individual Permit,229922
518,6002090001,3521216,CA,CA0085260,NPDES,Individual Permit,232656
519,6000000288,3611429,CA,2006-0003-DWQ,Non-NPDES,State - Other,
520,6005030001,1175552,CA,2006-0003-DWQ,Non-NPDES,State - Other,
521,6006028002,3349051,CA,NO. 6-96-18,Non-NPDES,Other,
522,6006049001,1175898,CA,NO. 6-01-36,Non-NPDES,Other,
523,6005271001,1175746,CA,R5-2009-000,Non-NPDES,Other,
524,6009058001,1176089,CA,Order WQ 2014-0153-D,Non-NPDES,State - Other,
525,6005079001,1175597,CA,R5-2002-0198,Non-NPDES,Other,273196
526,6003003001,1175374,CA,NO. R3-2002-0012,Non-NPDES,Other,
527,6001045003,1175211,CA,NO.88-052,Non-NPDES,Other,
528,6005357001,1175790,CA,WDR 91-069,Non-NPDES,State - Other,
529,6000000309,3612938,CA,NO. 6-95-22,Non-NPDES,Other,
530,6006031001,1175885,CA,6-01-55,Non-NPDES,State - Other,
531,6001085001,1175236,CA,WDR Order No. 97-093,Non-NPDES,State - Other,
532,6022008001,2865324,CA,CAS612008,NPDES,Individual Permit,
533,6004010005,1175495,CA,CA0053953,NPDES,Individual Permit,235738
534,6008068001,1176014,CA,CA0110604,NPDES,Individual Permit,758392
534,6008068001,1176014,CA,CA0110604,NPDES,Individual Permit,259158
535,6000000099,3607878,CA,2006-0003-DWQ,Non-NPDES,State - Other,
536,6024007001,474006,CA,CAS004004,Non-NPDES,Permit not found in NPDES lookup,
537,6008034001,1175989,CA,96-34,Non-NPDES,Other,
538,6009040001,1176078,CA,CA0107395,NPDES,Individual Permit,222758
538,6009040001,1176078,CA,CA0107395,NPDES,Individual Permit,269989
539,6005114001,1175645,CA,CA0081213,NPDES,Individual Permit,273161
540,6003004001,1175375,CA,CA0049224,NPDES,Individual Permit,255380
541,6003054002,1175423,CA,R3-00-043,Non-NPDES,State,
542,6005368001,1175795,CA,CA0078891,NPDES,Individual Permit,252119
543,6008006001,1175950,CA,CA8000188,NPDES,Individual Permit,
544,6028004001,457939,CA,CAS618036,NPDES,Individual Permit,
545,6005285001,1238823,CA,R5-93-220,Non-NPDES,State,
546,6005285001,1238823,CA,CA0081507,NPDES,Individual Permit,215903
547,6001036001,1175202,CA,CA0023345,NPDES,Individual Permit,272790
548,6005063001,1175584,CA,CA0079987,Non-NPDES,Permit not found in NPDES lookup,
549,6005227002,3520617,CA,CA0084573,NPDES,Individual Permit,
550,6024007001,474006,CA,CAS004002,NPDES,Individual Permit,
551,6005200001,1175704,CA,CA0079901,NPDES,Individual Permit,244141
552,6025000001,3522260,CA,CAS000004,NPDES,Storm Water General,
553,6004009003,1175479,CA,CA0053911,NPDES,Individual Permit,260156
554,6004010003,1175493,CA,CA0053953,NPDES,Individual Permit,235738
555,6005245002,1175731,CA,CA0004995,NPDES,Individual Permit,215750
556,6004009006,1175482,CA,CA0054119,NPDES,Individual Permit,238562
557,6002032005,443709,CA,CA0037681,NPDES,Individual Permit,256498
558,6001008001,1175175,CA,CA0022721,NPDES,Individual Permit,224348
559,6002029001,1175287,CA,CA0037869,NPDES,Individual Permit,
560,6002120001,1175354,CA,CA0037796,NPDES,Individual Permit,217831
561,6004010002,1175492,CA,CA0053856,NPDES,Individual Permit,267130
562,6005184001,1175693,CA,CA0077691,NPDES,Individual Permit,222057
563,6005682001,1175846,CA,CA0083241,NPDES,Individual Permit,213432
564,6022018001,2838060,CA,CA0000000,Non-NPDES,Permit not found in NPDES lookup,
565,6001011001,1175181,CA,CA0022730,NPDES,Individual Permit,225089
566,6005041001,1175561,CA,R5-02-020,Non-NPDES,State,
567,6005041001,1175561,CA,CA0078999,NPDES,Individual Permit,215225
568,6005065001,1175586,CA,CA0079103,NPDES,Individual Permit,
569,6009032001,1176070,CA,CA0107981,NPDES,Individual Permit,
570,6001047001,1175213,CA,CA0022713,NPDES,Individual Permit,206164
571,6002040001,1175298,CA,CA0037737,NPDES,Individual Permit,
572,6004009008,1175484,CA,CA0054216,NPDES,Individual Permit,270849
573,6008004001,1175948,CA,CA0105392,NPDES,Individual Permit,259220
574,6009041002,1176080,CA,CA0107433,NPDES,Individual Permit,236019
574,6009041002,1176080,CA,CA0107433,NPDES,Individual Permit,255392
575,6003027001,1175394,CA,CA0047953,NPDES,Individual Permit,247750
576,6005040001,1175560,CA,CA0077712,NPDES,Individual Permit,
577,6008033001,1175988,CA,CA8000326,NPDES,Individual Permit,758391
577,6008033001,1175988,CA,CA8000326,NPDES,Individual Permit,259156
578,6002006001,1175267,CA,CA0037613,NPDES,Individual Permit,220792
579,6002015001,1175274,CA,CA0037711,NPDES,Individual Permit,255788
580,6002036001,1175294,CA,CA0037702,NPDES,Individual Permit,222132
581,6005018001,1175539,CA,CA0077844,NPDES,Individual Permit,248936
582,6005329001,1175773,CA,CA0078956,NPDES,Individual Permit,
583,6002032003,1175289,CA,CA0037664,NPDES,Individual Permit,256499
584,6002044004,1175304,CA,CA0038628,NPDES,Individual Permit,213889
585,6005035001,1175556,CA,CA0078034,NPDES,Individual Permit,272704
586,6009036001,1176075,CA,CA0107492,NPDES,Individual Permit,247351
587,6022092001,2937482,CA,CA0000000,Non-NPDES,Permit not found in NPDES lookup,
588,6005294001,3478111,CA,CA0081744,NPDES,Individual Permit,219530
589,6022174001,3009462,CA,CAS029831,Non-NPDES,Permit not found in NPDES lookup,
590,6025053001,3154588,CA,CA0083500,NPDES,Individual Permit,
591,6002039001,1175297,CA,CA0037532,NPDES,Individual Permit,240791
592,6005098001,1175618,CA,CA0079731,NPDES,Individual Permit,214802
593,6022041002,470876,CA,CAS029718,Non-NPDES,Permit not found in NPDES lookup,
594,6001027001,1175195,CA,R1-01-071,Non-NPDES,State,
595,6008022001,1175976,CA,CA0110604,NPDES,Individual Permit,758392
595,6008022001,1175976,CA,CA0110604,NPDES,Individual Permit,259158
596,6022003001,2844566,CA,CA0000000,Non-NPDES,Permit not found in NPDES lookup,
597,6002030001,1238810,CA,CA0038539,NPDES,Individual Permit,
598,6008086001,3380875,CA,CA8000100,NPDES,Individual Permit,259216
599,6002043001,1175301,CA,CA0037541,NPDES,Individual Permit,255420
600,6008012001,1175963,CA,CA0105376,NPDES,Individual Permit,259170
601,6005279001,1238822,CA,CA0077747,NPDES,Individual Permit,214199
602,6005279001,1238822,CA,R5-04-050,Non-NPDES,State,
603,6002063001,1175322,CA,CA0037753,NPDES,Individual Permit,239497
604,6005033001,1238815,CA,CA0077933,NPDES,Individual Permit,
605,6002072001,1175334,CA,CA0038067,NPDES,Individual Permit,255802
606,6005161001,1175679,CA,CA0079430,NPDES,Individual Permit,
607,6005204001,1175707,CA,CA0078441,NPDES,Individual Permit,220850
608,6005347001,1175782,CA,CA0080161,NPDES,General,
609,6005681001,1175845,CA,CA0077828,NPDES,Individual Permit,
610,6005244001,1175730,CA,CA0081230,NPDES,Standard,
611,6007025001,1175933,CA,CA0104493,NPDES,Individual Permit,214933
612,6001010005,1175180,CA,CA0024449,NPDES,Individual Permit,223010
613,6002109001,1175348,CA,CA0038008,NPDES,Individual Permit,237195
614,6005249003,1175735,CA,R5-2007-0069,Non-NPDES,State - Other,
615,6005249003,1175735,CA,CA0078671,NPDES,Individual Permit,
616,6024017001,3517761,CA,CAS004002,NPDES,Individual Permit,
617,6029046001,415588,CA,CA0108758,NPDES,Storm Water,
618,6028078001,3514416,CA,CAS000004,NPDES,Storm Water General,
619,6002023001,1175281,CA,CA0038547,NPDES,Individual Permit,219552
620,6002082001,1175340,CA,CA0038091,NPDES,Individual Permit,209253
621,6007002001,1175909,CA,CA0104426,NPDES,Individual Permit,222407
622,6009006001,1176037,CA,CA0107611,NPDES,Individual Permit,222509
622,6009006001,1176037,CA,CA0107611,NPDES,Individual Permit,237396
622,6009006001,1176037,CA,CA0107611,NPDES,Individual Permit,257850
622,6009006001,1176037,CA,CA0107611,NPDES,Individual Permit,241053
623,6003028001,1175395,CA,CA0048151,NPDES,Individual Permit,248519
624,6002008001,1175269,CA,CA0037621,NPDES,Individual Permit,259507
625,6002032002,1175288,CA,CA0037664,NPDES,Individual Permit,256499
626,6002038001,1175296,CA,CA0038024,NPDES,Individual Permit,225526
627,6003050001,1175418,CA,CA0048127,NPDES,Individual Permit,237315
628,6009031001,1176066,CA,CA0107409,NPDES,Individual Permit,248796
629,6001015001,1175184,CA,CA0024490,NPDES,Individual Permit,240093
630,6001041001,1175206,CA,CA0022756,NPDES,Individual Permit,216106
631,6002012001,1175273,CA,CA0037834,NPDES,Individual Permit,247457
632,6002025001,1175283,CA,CA0037648,NPDES,Individual Permit,213875
633,6003068001,1175436,CA,CA0048089,NPDES,Individual Permit,
634,6005243001,1175729,CA,CA0078981,NPDES,Individual Permit,251217
635,6005299001,1175755,CA,WDR98-81,Non-NPDES,Land Application,
636,6012001102,3119409,CA,CAS618036,NPDES,Individual Permit,
637,6002118001,1175353,CA,CA0037810,NPDES,Individual Permit,248087
638,6004006001,1175461,CA,CA0053651,NPDES,Individual Permit,271054
639,6004027001,1175513,CA,CA0054097,NPDES,Individual Permit,246946
640,6005086001,1175607,CA,R5-95-103,Non-NPDES,State,
641,6005253001,1175738,CA,CA0079588,NPDES,Individual Permit,252771
642,6007023001,1175931,CA,CA0104299,NPDES,Individual Permit,
643,6008007001,1175956,CA,CA8000344,Non-NPDES,Permit not found in NPDES lookup,
644,6008052001,1176004,CA,CA0105295,NPDES,Individual Permit,259149
645,6024008010,424998,CA,CAS000000,Non-NPDES,Permit not found in NPDES lookup,
646,6025146001,3534676,CA,CAS000004,NPDES,Storm Water General,
647,6029031001,402846,CA,CAS108758,NPDES,Individual Permit,
648,6001069001,1175228,CA,CA0023671,NPDES,Individual Permit,237295
649,6003037001,1175402,CA,CA0048143,NPDES,Individual Permit,222443
650,6002125002,3509618,CA,CA0038369,NPDES,Individual Permit,255833
651,6007011001,1238829,CA,CA0104370,NPDES,Individual Permit,229967
652,6021003001,2829441,CA,CA000000 ,Non-NPDES,Permit not found in NPDES lookup,
653,6001009001,1175176,CA,CA0023043,NPDES,Individual Permit,224901
654,6005367001,1175794,CA,R5-99-100,Non-NPDES,State,
655,6005367001,1175794,CA,CA0084239,NPDES,Individual Permit,
656,6002034002,1175292,CA,CA0005240,NPDES,Individual Permit,
657,6002047001,1175307,CA,CA0037699,NPDES,Individual Permit,270006
658,6003008001,1175377,CA,CA0048828,NPDES,Individual Permit,256011
659,6001079001,1175232,CA,CA0022888,NPDES,Individual Permit,268960
660,6001079001,1175232,CA,R1-99-065,Non-NPDES,State,
661,6000203200,3509698,CA,CA0037664,NPDES,Individual Permit,256499
662,6004022002,1175509,CA,CA0104451,NPDES,Individual Permit,244348
663,6005099001,1175619,CA,CA0079391,NPDES,Individual Permit,
664,6008020001,1175973,CA,CA8000383,NPDES,Individual Permit,259171
665,6009011001,1176042,CA,CA0107395,NPDES,Individual Permit,222758
665,6009011001,1176042,CA,CA0107395,NPDES,Individual Permit,269989
666,6008016003,1175969,CA,CA8000316,NPDES,Individual Permit,259205
667,6022032001,3217908,CA,CA0037664,NPDES,Individual Permit,256499
668,6002054001,3486530,CA,CA0038768,NPDES,Individual Permit,205477
669,6025061001,2888833,CA,CA0083313,Non-NPDES,Permit not found in NPDES lookup,
670,6008010005,3486593,CA,R8-04-006,Non-NPDES,State,
671,6008010005,3486593,CA,CA8000402,Non-NPDES,Permit not found in NPDES lookup,
672,6008010005,3486593,CA,CA8000409,NPDES,Individual Permit,259184
672,6008010005,3486593,CA,CA8000409,NPDES,Individual Permit,259165
672,6008010005,3486593,CA,CA8000409,NPDES,Individual Permit,259166
672,6008010005,3486593,CA,CA8000409,NPDES,Individual Permit,742794
672,6008010005,3486593,CA,CA8000409,NPDES,Individual Permit,259169
673,6005146001,1175666,CA,CA0081558,NPDES,Individual Permit,239343
674,6008006006,1175954,CA,CA8000188,NPDES,Individual Permit,
675,6025319001,2840122,CA,CA0000000,Non-NPDES,Permit not found in NPDES lookup,
676,6005061001,1238816,CA,CA0082660,NPDES,Individual Permit,210322
677,6005296001,3408470,CA,R5-98-007,Non-NPDES,State,
678,6002033001,1175290,CA,CA0037575,NPDES,Individual Permit,243858
679,6003053001,1175421,CA,CA0047899,NPDES,Individual Permit,241288
680,6005780001,1175851,CA,CA0000000,Non-NPDES,Permit not found in NPDES lookup,
681,6007019001,1175928,CA,CA0105007,NPDES,Individual Permit,272291
682,6001027001,1175195,CA,CA0023060,NPDES,Individual Permit,272646
683,6002050002,3514039,CA,CAS000004,NPDES,Storm Water General,
684,6026000001,3522996,CA,CAG616001,NPDES,Individual Permit,
685,6025019002,3534816,CA,CAS000004,NPDES,Storm Water General,
686,6005234001,1238821,CA,CA0084476,NPDES,Individual Permit,238365
687,6002011001,1175272,CA,CA0037788,NPDES,Individual Permit,210839
688,6002064001,1175324,CA,CA0037826,NPDES,Individual Permit,253174
689,6002127001,1175359,CA,CA0038121,NPDES,Individual Permit,274410
690,6003036001,1175401,CA,CA0047961,NPDES,Individual Permit,255462
691,6004007001,1175462,CA,CA0056294,NPDES,Individual Permit,231693
692,6007018001,1175927,CA,CA0105023,NPDES,Individual Permit,256217
693,6008085001,1176028,CA,CA8000188,NPDES,Individual Permit,
694,6024006001,3517876,CA,CAS004002,NPDES,Individual Permit,
695,6001070001,1175229,CA,CA0022870,NPDES,Individual Permit,240307
696,6004003001,1175458,CA,CA0055221,NPDES,Individual Permit,261253
697,6005088002,1175609,CA,CA0079235,NPDES,Individual Permit,246251
698,6005106001,1175638,CA,CA0079197,Non-NPDES,Permit not found in NPDES lookup,
699,6007005001,1175911,CA,CA7000009,NPDES,Individual Permit,212589
700,6008010004,3486590,CA,CA0105279,Non-NPDES,Permit not found in NPDES lookup,
701,6002069001,1175329,CA,CA0037800,NPDES,Individual Permit,257754
