"CWNS_ID","FACILITY_ID","STATE_CODE","COST_METHOD","FACILITY_DOCUMENT_CET_ID","FACILITY_DOCUMENT_COST_ID","ZIP_CODE","PRACTICE_TYPE","CONSTRUCTION_TYPE","FUTURE_DESIGN_FLOW","PIPE_LENGTH","NUM_PUMP_STATION","PUMP_STATION_CAP"
"19000560001",1234665,IA,Wastewater: Treatment Plant,3178,14059,"52638",Advanced,Treatment Upgrade,0.367,,,
"19000560001",1234665,IA,Wastewater: Treatment Plant,3179,14059,"52638",Disinfection Only,Treatment Upgrade/ Ultraviolet (UV),0.367,,,
"54000701001",1094751,WV,Wastewater: Collection,1754,5418,"26147",,Rehabilitation,,25000,,
"01000029001",1101858,AL,Wastewater: Treatment Plant,4121,18728,"35549",Secondary Mechanical,Rehabilitation,2.4,,,
"01000029001",1101858,AL,Wastewater: Collection,4122,18730,"35549",,Rehabilitation,,105000,,
"17000673001",1113941,IL,Wastewater: Treatment Plant,1224,4733,"60152",Advanced,Treatment Upgrade,1.8,,,
"17000287002",1232709,IL,Wastewater: Treatment Plant,1722,5342,"62249",Advanced,Treatment Upgrade,2,,,
"17000366001",1113634,IL,Wastewater: Treatment Plant,1083,4508,"61241",Advanced,Treatment Upgrade,1,,,
"17000716001",1113990,IL,Wastewater: Treatment Plant,1089,4517,"60515",Advanced,Treatment Upgrade,11,,,
"17007103001",1114292,IL,Wastewater: Treatment Plant,1022,4380,"62618",Advanced,Treatment Upgrade,1.75,,,
"17000639001",2810120,IL,Wastewater: Treatment Plant,1098,4541,"60123",Advanced,Treatment Upgrade,5,,,
"04002302001",1069598,AZ,Wastewater: Treatment Plant,9921,45811,"85024",Advanced,Rehabilitation,0.11,,,
"17000234001",1113509,IL,Wastewater: Treatment Plant,1024,4390,"62220",Advanced,Treatment Upgrade,8,,,
"17000267001",1113542,IL,Wastewater: Treatment Plant,1605,4952,"62095",Advanced,Treatment Upgrade,5.1,,,
"19000471001",1123862,IA,Wastewater: Treatment Plant,2902,10908,"51031",Advanced,Treatment Upgrade,3.59,,,
"19000471001",1123862,IA,Wastewater: Treatment Plant,2901,10907,"51031",Disinfection Only,Treatment Upgrade/ Chlorine,3.59,,,
"19000598001",1123980,IA,Wastewater: Treatment Plant,2651,9239,"52761",Advanced,Treatment Upgrade,10.3,,,
"19000719001",1124083,IA,Wastewater: Treatment Plant,4163,18893,"51566",Advanced,Treatment Upgrade,2.7,,,
"13000999007",3534436,GA,Wastewater: Collection,9924,45839,"30103",,Rehabilitation,,63360,,
"49000291001",1170620,UT,Wastewater: Treatment Plant,5440,24487,"84310",Advanced,Expansion,0.64,,,
"36009062001",1221379,NY,Wastewater: Treatment Plant,3912,7753,"14787",Secondary Mechanical,Replace,2.6,,,
"19000878001",1124218,IA,Wastewater: Treatment Plant,4213,18981,"50864",Advanced,Treatment Upgrade,0.774,,,
"19000878001",1124218,IA,Wastewater: Treatment Plant,4214,18981,"50864",Disinfection Only,Treatment Upgrade/ Ultraviolet (UV),0.774,,,
"54002604001",1239025,WV,Wastewater: Collection,6201,27111,"25260",,Rehabilitation,,36920,,
"55003190001",1206454,WI,Wastewater: Treatment Plant,7943,36561,"54550",Advanced,Rehabilitation,0.182,,,
"19000222001",1234648,IA,Wastewater: Treatment Plant,5190,23302,"52550",Advanced,Treatment Upgrade,0.063,,,
"17000015001",1113307,IL,Wastewater: Treatment Plant,1067,4478,"62901",Advanced,Treatment Upgrade,6,,,
"17000364001",1113632,IL,Wastewater: Treatment Plant,1142,4644,"61443",Advanced,Treatment Upgrade,2,,,
"17000525001",1113802,IL,Wastewater: Treatment Plant,1268,4791,"60048",Advanced,Treatment Upgrade,4.95,,,
"17000711002",1113982,IL,Wastewater: Treatment Plant,1783,5471,"60172",Advanced,Treatment Upgrade,1.22,,,
"19000071001",1123513,IA,Wastewater: Treatment Plant,5054,22960,"52208",Advanced,Treatment Upgrade,0.609,,,
"19000280001",1123694,IA,Wastewater: Treatment Plant,4341,19443,"51334",Advanced,Treatment Upgrade,3.5,,,
"19001026001",1124305,IA,Wastewater: Treatment Plant,3583,16609,"52161",Disinfection Only,Treatment Upgrade/ Ultraviolet (UV),0.293,,,
"19001026001",1124305,IA,Wastewater: Treatment Plant,3582,16609,"52161",Advanced,Treatment Upgrade,0.293,,,
"01000006004",1101832,AL,Wastewater: Treatment Plant,7501,35260,"36420",Secondary Mechanical,Rehabilitation,2.84,,,
"01000050001",1101882,AL,Wastewater: Treatment Plant,4141,18796,"35553",Secondary Mechanical,Rehabilitation,0.1,,,
"54002408001",1094969,WV,Wastewater: Collection,8560,38946,"26570",,Rehabilitation,,10000,,
"54002408001",1094969,WV,Wastewater: Treatment Plant,8559,38945,"26570",Secondary Mechanical,Rehabilitation,0.25,,,
"54000601001",1094742,WV,Wastewater: Collection,1621,5036,"25504",,Rehabilitation,,103000,,
"19000407001",1123801,IA,Wastewater: Treatment Plant,5214,23343,"51240",Advanced,Treatment Upgrade,0.245,,,
"54002803001",1095031,WV,Wastewater: Collection,3441,15655,"26726",,Replace,,82450,,
"54002803001",1095031,WV,Wastewater: Collection,3442,15655,"26726",,Replace,,51690,,
"17000163001",1113443,IL,Wastewater: Treatment Plant,1069,4484,"60188",Advanced,Treatment Upgrade,6.5,,,
"54001802001",1094872,WV,Wastewater: Treatment Plant,9557,44276,"25262",Lagoon,Rehabilitation,0.05,,,
"54001802001",1094872,WV,Wastewater: Collection,9559,44277,"25262",,Rehabilitation,,5280,,
"17000664002",410534,IL,Wastewater: Treatment Plant,1244,4748,"60050",Advanced,Treatment Upgrade,4,,,
"55001970001",1206270,WI,Wastewater: Treatment Plant,7522,35348,"54436",Aerated Lagoon,Rehabilitation,0.06,,,
"17006513001",1232751,IL,Wastewater: Treatment Plant,1107,4583,"62946",Advanced,Treatment Upgrade,1.6,,,
"17000507001",1113784,IL,Wastewater: Treatment Plant,1169,4660,"62656",Advanced,Treatment Upgrade,3.88,,,
"17000626001",1113900,IL,Wastewater: Treatment Plant,1342,4843,"61764",Advanced,Treatment Upgrade,3.5,,,
"19000595001",1123977,IA,Wastewater: Treatment Plant,3477,15820,"51039",Disinfection Only,Treatment Upgrade/ Ultraviolet (UV),0.37,,,
"19000595001",1123977,IA,Wastewater: Treatment Plant,3476,15820,"51039",Advanced,Treatment Upgrade,0.37,,,
"19000260001",1234649,IA,Wastewater: Treatment Plant,5194,23311,"52042",Advanced,Treatment Upgrade,0.314,,,
"19000325001",1123731,IA,Wastewater: Treatment Plant,5204,23332,"50106",Advanced,Treatment Upgrade,0.4484,,,
"19000647001",1124020,IA,Wastewater: Treatment Plant,3543,16506,"50461",Advanced,Treatment Upgrade,1.071,,,
"17000672003",3521639,IL,Wastewater: Treatment Plant,1126,4624,"60142",Advanced,Treatment Upgrade,2.6,,,
"17000367001",1113636,IL,Wastewater: Treatment Plant,1104,4578,"61254",Advanced,Treatment Upgrade,1.5,,,
"17001015001",1114038,IL,Wastewater: Treatment Plant,1167,4657,"62439",Advanced,Treatment Upgrade,1,,,
"54004007001",3516980,WV,Wastewater: Treatment Plant,6581,28051,"25033",Aerated Lagoon,Rehabilitation,0.129,,,
"19000890001",1124230,IA,Wastewater: Treatment Plant,4709,21204,"51577",Advanced,Treatment Upgrade,0.234,,,
"19000890001",1124230,IA,Wastewater: Treatment Plant,4710,21204,"51577",Disinfection Only,Treatment Upgrade/ Ultraviolet (UV),0.234,,,
"19001051001",1124327,IA,Wastewater: Treatment Plant,2984,12025,"50207",Disinfection Only,Treatment Upgrade/ Ultraviolet (UV),0.681,,,
"19000672001",1124044,IA,Wastewater: Treatment Plant,2821,10171,"50219",Advanced,Treatment Upgrade,4.31,,,
"17003401001",1114143,IL,Wastewater: Treatment Plant,1090,4520,"60521",Advanced,Treatment Upgrade,10,,,
"18120000027",3525063,IN,Wastewater: Treatment Plant,4842,21876,"47018",Advanced,Expansion,0.04,,,
"53001575001",1180973,WA,Wastewater: Treatment Plant,4287,19278,"98605",Secondary Mechanical,Treatment Upgrade,0.088,,,
"19000288001",1234652,IA,Wastewater: Treatment Plant,5198,23318,"52046",Advanced,Treatment Upgrade,0.794,,,
"54000102001",1094689,WV,Wastewater: Treatment Plant,5065,23024,"26275",Secondary Mechanical,Rehabilitation,0.35,,,
"54000102001",1094689,WV,Wastewater: Collection,5066,23025,"26275",,Rehabilitation,,16000,,
"54000102001",1094689,WV,Wastewater: Collection,5067,23026,"26275",,Rehabilitation,,16000,,
"54001022001",1094778,WV,Wastewater: Collection,9101,42305,"25917",,Rehabilitation,,164981,,
"54001022001",1094778,WV,Wastewater: Collection,9102,42306,"25917",,Rehabilitation,,54994,,
"54001017002",1094776,WV,Wastewater: Treatment Plant,3921,18138,"25901",Secondary Mechanical,Rehabilitation,1.5,,,
"54001017002",1094776,WV,Wastewater: Collection,3922,18141,"25901",,Rehabilitation,,37500,,
"54001017002",1094776,WV,Wastewater: Collection,3923,18142,"25901",,Replace,,3300,,
"19000797001",1124145,IA,Wastewater: Treatment Plant,4172,18912,"51250",Advanced,Treatment Upgrade,2.21,,,
"19000797001",1124145,IA,Wastewater: Treatment Plant,4171,18911,"51250",Disinfection Only,Treatment Upgrade/ Ultraviolet (UV),2.21,,,
"17000652001",1113921,IL,Wastewater: Treatment Plant,1803,5515,"60174",Advanced,Treatment Upgrade,9,,,
"17000658001",1113927,IL,Wastewater: Treatment Plant,1071,4487,"60013",Advanced,Treatment Upgrade,2.8,,,
"17009930001",1114457,IL,Wastewater: Treatment Plant,1242,4745,"61341",Advanced,Treatment Upgrade,1.23,,,
"19000550001",1123936,IA,Wastewater: Treatment Plant,3177,14058,"52306",Advanced,Treatment Upgrade,0.43,,,
"55010850003",471373,WI,Wastewater: Treatment Plant,7903,36426,"54940",Advanced,Treatment Upgrade,0.2,,,
"54002701001",1095005,WV,Wastewater: Treatment Plant,5966,25527,"24712",Advanced,Rehabilitation,0.5,,,
"54004401001",1095232,WV,Wastewater: Treatment Plant,4081,18485,"25270",Secondary Mechanical,Rehabilitation,0.5,,,
"54004401001",1095232,WV,Wastewater: Collection,4082,18486,"25270",,Rehabilitation,,2000,,
"17000013001",1113305,IL,Wastewater: Treatment Plant,1267,4786,"62864",Advanced,Treatment Upgrade,5,,,
"17000004001",1113297,IL,Wastewater: Treatment Plant,1750,5407,"62801",Advanced,Treatment Upgrade,3.15,,,
"17005813001",1114265,IL,Wastewater: Treatment Plant,1263,4781,"62863",Advanced,Treatment Upgrade,2,,,
"19000526001",1123915,IA,Wastewater: Treatment Plant,3176,14057,"51455",Advanced,Treatment Upgrade,0.4,,,
"17000161001",1113440,IL,Wastewater: Treatment Plant,1823,5566,"60101",Advanced,Treatment Upgrade,3.2,,,
"17000418003",1113688,IL,Wastewater: Treatment Plant,1822,5565,"60440",Advanced,Treatment Upgrade,4.2,,,
"19000015001",1123464,IA,Wastewater: Treatment Plant,4306,19319,"50511",Advanced,Treatment Upgrade,2.6,,,
"17000148001",1113422,IL,Wastewater: Treatment Plant,1686,5256,"60423",Advanced,Treatment Upgrade,5.65,,,
"17000241003",1113520,IL,Wastewater: Treatment Plant,1466,4887,"62223",Advanced,Treatment Upgrade,1.75,,,
"09000690001",1071854,CT,Wastewater: Treatment Plant,7250,34035,"06239",Advanced,Treatment Upgrade,3.3,,,
"17001109001",1114045,IL,Wastewater: Treatment Plant,1377,4863,"61356",Advanced,Treatment Upgrade,2.15,,,
"17005805001",1114259,IL,Wastewater: Treatment Plant,1102,4570,"61036",Advanced,Treatment Upgrade,1.171,,,
"17000485003",1113757,IL,Wastewater: Treatment Plant,1721,5339,"60103",Advanced,Treatment Upgrade,3.68,,,
"19000278001",1123692,IA,Wastewater: Treatment Plant,5196,23315,"52045",Advanced,Treatment Upgrade,0.58,,,
"19000578001",1123959,IA,Wastewater: Treatment Plant,921,3906,"50170",Aerated Lagoon,Expansion,0.165,,,
"19000093001",1123532,IA,Wastewater: Treatment Plant,3041,13082,"50036",Advanced,Treatment Upgrade,7,,,
"19000849001",1124194,IA,Wastewater: Treatment Plant,4196,18963,"52340",Advanced,Treatment Upgrade,0.975,,,
"19000849001",1124194,IA,Wastewater: Treatment Plant,4197,18963,"52340",Disinfection Only,Treatment Upgrade/ Ultraviolet (UV),0.975,,,
"19000898001",1124236,IA,Wastewater: Treatment Plant,4701,21145,"52172",Advanced,Treatment Upgrade,1.652,,,
"54000103001",1094690,WV,Wastewater: Treatment Plant,4145,18813,"26416",Secondary Mechanical,Treatment Upgrade,0.75,,,
"54000103001",1094690,WV,Wastewater: Collection,4146,18815,"26416",,Rehabilitation,,57000,,
"19000141001",1123569,IA,Wastewater: Treatment Plant,4328,19427,"50616",Advanced,Treatment Upgrade,4.66,,,
"17002051001",3505820,IL,Wastewater: Treatment Plant,1604,4945,"60097",Advanced,Treatment Upgrade,0.125,,,
"41000093001",1164350,OR,Wastewater: Treatment Plant,4888,22256,"97305",Lagoon,Treatment Upgrade,1,,,
"41000093001",1164350,OR,Wastewater: Treatment Plant,4890,22256,"97305",Aerated Lagoon,Expansion,1,,,
"41000093001",1164350,OR,Wastewater: Treatment Plant,4889,22256,"97305",Disinfection Only,Treatment Upgrade/ Chlorine,1,,,
"41000093001",1164350,OR,Wastewater: Collection,4891,22257,"97305",,Rehabilitation,,50,,
"41000093001",1164350,OR,Wastewater: Collection,4893,22258,"97305",,Rehabilitation,,300,,
"41000093001",1164350,OR,Wastewater: Collection,4892,22258,"97305",,Replace,,200,,
"54001901001",3519936,WV,Wastewater: Collection,1662,5125,"25414",,Rehabilitation,,195000,,
"17000149002",3520116,IL,Wastewater: Treatment Plant,2061,5689,"60431",Advanced,Treatment Upgrade,7.7,,,
"54001495001",1094825,WV,Wastewater: Treatment Plant,3508,16039,"26757",Advanced,Replace,0.3,,,
"54001495001",1094825,WV,Wastewater: Treatment Plant,3512,16039,"26757",Advanced,Treatment Upgrade,0.3,,,
"54001495001",1094825,WV,Wastewater: Treatment Plant,3511,16039,"26757",Advanced,Expansion,0.3,,,
"54001495001",1094825,WV,Wastewater: Collection,3509,16041,"26757",,Rehabilitation,,78510,,
"54001495001",1094825,WV,Wastewater: Collection,3510,16042,"26757",,Replace,,48200,,
"19000907001",1124244,IA,Wastewater: Treatment Plant,4712,21210,"52774",Advanced,Treatment Upgrade,0.033,,,
"19000907001",1124244,IA,Wastewater: Treatment Plant,4713,21210,"52774",Disinfection Only,Treatment Upgrade/ Ultraviolet (UV),0.033,,,
"19000632001",1124008,IA,Wastewater: Treatment Plant,3541,16505,"51458",Advanced,Treatment Upgrade,0.306,,,
"19000632001",1124008,IA,Wastewater: Treatment Plant,3542,16505,"51458",Disinfection Only,Treatment Upgrade/ Ultraviolet (UV),0.306,,,
"17000023001",1113318,IL,Wastewater: Treatment Plant,1248,4766,"61462",Advanced,Treatment Upgrade,4.62,,,
"17000067001",1113355,IL,Wastewater: Treatment Plant,1602,4935,"60481",Advanced,Treatment Upgrade,1.25,,,
"17000061002",1113348,IL,Wastewater: Treatment Plant,1274,4810,"61944",Advanced,Treatment Upgrade,1.4,,,
"17000061002",1113348,IL,Wastewater: Treatment Plant,2323,6181,"61944",Advanced,Rehabilitation,1.4,,,
"17000061002",1113348,IL,Wastewater: Collection,2322,6179,"61944",,Rehabilitation,,13800,,
"17000061002",1113348,IL,Wastewater: Collection,2321,6180,"61944",,Rehabilitation,,1,,
"17003001001",1114123,IL,Wastewater: Treatment Plant,1065,4474,"62914",Advanced,Treatment Upgrade,1.5,,,
"19000788001",1124136,IA,Wastewater: Treatment Plant,4170,18910,"51201",Advanced,Treatment Upgrade,3.025,,,
"19000348001",1123750,IA,Wastewater: Treatment Plant,4345,19450,"50849",Advanced,Treatment Upgrade,1.08,,,
"19000372001",1123770,IA,Wastewater: Treatment Plant,5206,23334,"50118",Advanced,Treatment Upgrade,0.26,,,
"17000064001",1113352,IL,Wastewater: Treatment Plant,1243,4746,"61938",Advanced,Treatment Upgrade,5.3,,,
"17007307001",3520516,IL,Wastewater: Treatment Plant,1520,4903,"60178",Advanced,Treatment Upgrade,4.9,,,
"54003703001",1095145,WV,Wastewater: Collection,3962,18227,"26170",,Rehabilitation,,5280,,
"54003703001",1095145,WV,Wastewater: Treatment Plant,3961,18226,"26170",Secondary Mechanical,New,0.525,,,
"17000295001",1113565,IL,Wastewater: Treatment Plant,1064,4472,"60408",Advanced,Treatment Upgrade,2,,,
"17008502001",1114390,IL,Wastewater: Collection,841,3015,"61427",,Replace,,0.1,3,0.26
"19000581001",1123962,IA,Wastewater: Treatment Plant,3467,15809,"50173",Advanced,Treatment Upgrade,0.083,,,
"19000581001",1123962,IA,Wastewater: Treatment Plant,3468,15809,"50173",Disinfection Only,Treatment Upgrade/ Ultraviolet (UV),0.083,,,
"19000301001",1234654,IA,Wastewater: Treatment Plant,4343,19446,"50436",Advanced,Treatment Upgrade,1.65,,,
"49000338001",1170660,UT,Wastewater: Collection,4743,21526,"84404",,Rehabilitation,,10000,,
"54001207001",1094799,WV,Wastewater: Collection,3093,13791,"26707",,Rehabilitation,,19244,,
"54001207001",1094799,WV,Wastewater: Treatment Plant,3092,13790,"26707",Secondary Mechanical,Rehabilitation,0.05,,,
"17000164001",1113444,IL,Wastewater: Treatment Plant,1683,5248,"60189",Advanced,Treatment Upgrade,8.9,,,
"19000304001",1123712,IA,Wastewater: Treatment Plant,4887,22222,"52627",Advanced,Treatment Upgrade,7.29,,,
"17007416001",1114337,IL,Wastewater: Treatment Plant,1249,4772,"61856",Advanced,Treatment Upgrade,1,,,
"19000089001",1123528,IA,Wastewater: Treatment Plant,5162,23274,"52726",Advanced,Treatment Upgrade,0.454,,,
"17000524001",1113801,IL,Wastewater: Treatment Plant,1878,5587,"60042",Advanced,Treatment Upgrade,3,,,
"54003332001",1095114,WV,Wastewater: Collection,3942,18210,"24801",,Rehabilitation,,15840,,
"54003332001",1095114,WV,Wastewater: Collection,3943,18211,"24801",,Replace,,15840,,
"54003332001",1095114,WV,Wastewater: Treatment Plant,3941,18209,"24801",Secondary Mechanical,Treatment Upgrade,1.12,,,
"17000651001",1113920,IL,Wastewater: Treatment Plant,1106,4581,"60140",Advanced,Treatment Upgrade,2.76,,,
"19000128001",1123558,IA,Wastewater: Treatment Plant,5170,23281,"52033",Advanced,Treatment Upgrade,1.25,,,
"19000731001",1124090,IA,Wastewater: Treatment Plant,4161,18892,"50538",Advanced,Treatment Upgrade,0.006,,,
"19000731001",1124090,IA,Wastewater: Treatment Plant,4162,18892,"50538",Disinfection Only,Treatment Upgrade/ Ultraviolet (UV),0.006,,,
"17007516001",1232759,IL,Wastewater: Treatment Plant,1081,4504,"62233",Advanced,Treatment Upgrade,3,,,
"19001083001",1124354,IA,Wastewater: Treatment Plant,4351,19459,"51351",Advanced,Treatment Upgrade,5.17,,,
"17005002001",1114187,IL,Wastewater: Treatment Plant,1105,4580,"62246",Advanced,Treatment Upgrade,1.57,,,
"17005507003",3531796,IL,Wastewater: Treatment Plant,1026,4412,"62812",Advanced,Treatment Upgrade,1.01,,,
"17009515001",1114430,IL,Wastewater: Treatment Plant,1724,5348,"62450",Advanced,Treatment Upgrade,2.2,,,
"41000265001",1164476,OR,Wastewater: Treatment Plant,2841,10326,"97875",Secondary Mechanical,Treatment Upgrade,0.2,,,
"17000529001",1113804,IL,Wastewater: Treatment Plant,1723,5346,"60048",Advanced,Treatment Upgrade,4,,,
"17000703003",3521617,IL,Wastewater: Treatment Plant,1164,4652,"60061",Advanced,Treatment Upgrade,6,,,
"18000085001",1120109,IN,Wastewater: Treatment Plant,7521,35300,"46161",Advanced,Expansion,1,,,
"19000153001",1123578,IA,Wastewater: Treatment Plant,4330,19429,"51632",Advanced,Treatment Upgrade,1.6,,,
"19000795002",1124143,IA,Wastewater: Treatment Plant,4173,18913,"52591",Disinfection Only,Treatment Upgrade/ Ultraviolet (UV),0.95,,,
"19000530001",1234663,IA,Wastewater: Treatment Plant,902,3613,"50565",Disinfection Only,Treatment Upgrade/ Chlorine,0.042,,,
"19000253001",1123670,IA,Wastewater: Treatment Plant,4337,19436,"50533",Advanced,Treatment Upgrade,4.15,,,
"19001072001",1124346,IA,Wastewater: Treatment Plant,3885,18052,"51460",Disinfection Only,Treatment Upgrade/ Ultraviolet (UV),0.014,,,
"19001072001",1124346,IA,Wastewater: Treatment Plant,3884,18052,"51460",Advanced,Treatment Upgrade,0.014,,,
"19000317001",1123724,IA,Wastewater: Treatment Plant,5203,23330,"50438",Advanced,Treatment Upgrade,0.873,,,
"31000432001",1145826,NE,Documented,2523,2522,"55401",,New,,0,4,1
"19000452001",1123845,IA,Wastewater: Treatment Plant,5226,23437,"50140",Advanced,Treatment Upgrade,0.893,,,
"19000593001",1123975,IA,Wastewater: Treatment Plant,3474,15818,"52573",Disinfection Only,Treatment Upgrade/ Ultraviolet (UV),0.0053,,,
"19000593001",1123975,IA,Wastewater: Treatment Plant,3473,15818,"52573",Advanced,Treatment Upgrade,0.0053,,,
"19000862001",1124207,IA,Wastewater: Treatment Plant,4210,18979,"51576",Disinfection Only,Treatment Upgrade/ Ultraviolet (UV),0.164,,,
"54005505000",1095329,WV,Wastewater: Treatment Plant,9455,44112,"25882",Secondary Mechanical,Rehabilitation,0.5,,,
"54005505000",1095329,WV,Wastewater: Collection,9456,44114,"25882",,Rehabilitation,,21120,,
"18004451001",1120362,IN,Wastewater: Treatment Plant,7181,33169,"47932",Advanced,Expansion,0.45,,,
"19001031001",1124310,IA,Wastewater: Treatment Plant,3162,14040,"50062",Advanced,Treatment Upgrade,1.059,,,
"19001031001",1124310,IA,Wastewater: Treatment Plant,3161,14041,"50062",Disinfection Only,Treatment Upgrade/ Ultraviolet (UV),1.059,,,
"54002801001",1095029,WV,Wastewater: Treatment Plant,3401,15338,"26707",Advanced,Treatment Upgrade,0.05,,,
"54002801001",1095029,WV,Wastewater: Collection,3402,15345,"26707",,Rehabilitation,,8767,,
"19000853001",1124198,IA,Wastewater: Treatment Plant,4194,18959,"52342",Disinfection Only,Treatment Upgrade/ Ultraviolet (UV),1.1,,,
"19000853001",1124198,IA,Wastewater: Treatment Plant,4195,18960,"52342",Advanced,Treatment Upgrade,1.1,,,
"19001010001",1124289,IA,Wastewater: Treatment Plant,5208,23337,"52147",Advanced,Treatment Upgrade,0.071,,,
"54004008001",1095170,WV,Wastewater: Treatment Plant,7255,34096,"25143",Secondary Mechanical,Rehabilitation,2.5,,,
"54004008001",1095170,WV,Wastewater: Collection,7257,34098,"25143",,Rehabilitation,,52800,,
"19000473001",1123864,IA,Wastewater: Treatment Plant,3165,14043,"50144",Disinfection Only,Treatment Upgrade/ Ultraviolet (UV),0.98,,,
"19000473001",1123864,IA,Wastewater: Treatment Plant,3166,14043,"50144",Advanced,Treatment Upgrade,0.98,,,
"17000319002",1113585,IL,Wastewater: Treatment Plant,1725,5349,"61571",Advanced,Treatment Upgrade,2.29,,,
"17000710001",1113978,IL,Wastewater: Treatment Plant,1842,5581,"60133",Advanced,Treatment Upgrade,2.42,,,
"01000361001",1102171,AL,Wastewater: Treatment Plant,10365,50469,"35013",Secondary Mechanical,Rehabilitation,3,,,
"01000361001",1102171,AL,Wastewater: Collection,10366,50471,"35013",,Replace,,21120,,
"54004230001",1095218,WV,Wastewater: Collection,4809,21714,"26241",,Replace,,113000,,
"19000411001",1123806,IA,Wastewater: Treatment Plant,5222,23429,"51027",Advanced,Treatment Upgrade,0.058,,,
"19000472001",1123863,IA,Wastewater: Treatment Plant,3163,14042,"50851",Disinfection Only,Treatment Upgrade/ Ultraviolet (UV),0.624,,,
"19000472001",1123863,IA,Wastewater: Treatment Plant,3164,14042,"50851",Advanced,Treatment Upgrade,0.624,,,
"19000515101",1123905,IA,Wastewater: Treatment Plant,3174,14053,"52333",Advanced,Treatment Upgrade,0.051,,,
"19000515101",1123905,IA,Wastewater: Treatment Plant,3175,14053,"52333",Disinfection Only,Treatment Upgrade/ Ultraviolet (UV),0.051,,,
"17000286001",1113559,IL,Wastewater: Treatment Plant,1093,4525,"62025",Advanced,Treatment Upgrade,4.28,,,
"16000000053",3607569,ID,Wastewater: Collection,1766,5457,"83619",,Replace,,100,,
"16000000053",3607569,ID,Wastewater: Treatment Plant,1763,5454,"83619",Secondary Mechanical,Treatment Upgrade,1.2,,,
"17000623001",1113898,IL,Wastewater: Treatment Plant,1782,5466,"61354",Advanced,Treatment Upgrade,3,,,
"19000000022",3607306,IA,Wastewater: Treatment Plant,4716,21227,"52203",Advanced,Treatment Upgrade,0.149,,,
"19000000022",3607306,IA,Wastewater: Treatment Plant,4717,21227,"52203",Disinfection Only,Treatment Upgrade/ Ultraviolet (UV),0.149,,,
"17005501001",1114230,IL,Wastewater: Treatment Plant,1601,4931,"62896",Advanced,Treatment Upgrade,1.85,,,
"36000000342",3607322,NY,Wastewater: Treatment Plant,5062,22971,"12421",Advanced,Rehabilitation,0.05,,,
"36000000342",3607322,NY,Wastewater: Treatment Plant,5063,22971,"12421",Advanced,Treatment Upgrade,0.05,,,
"36000000342",3607322,NY,Wastewater: Collection,5064,22972,"12421",,Replace,,3000,,
"17000665001",1113933,IL,Wastewater: Treatment Plant,1021,4378,"60102",Advanced,Treatment Upgrade,5,,,
"17000000019",3607387,IL,Wastewater: Treatment Plant,1061,4463,"60440",Advanced,Treatment Upgrade,3,,,
"17000539001",1232720,IL,Wastewater: Treatment Plant,1086,4512,"60015",Advanced,Treatment Upgrade,3.5,,,
"17000000023",3607397,IL,Wastewater: Treatment Plant,1101,4553,"61021",Advanced,Treatment Upgrade,1,,,
"17005310001",1232744,IL,Wastewater: Treatment Plant,1202,4687,"62056",Advanced,Treatment Upgrade,2.14,,,
"17000000024",3607455,IL,Wastewater: Treatment Plant,1361,4861,"61065",Advanced,Treatment Upgrade,1,,,
"17000000020",3607392,IL,Wastewater: Treatment Plant,1087,4514,"61322",Advanced,Treatment Upgrade,0.48,,,
"17000000025",3607472,IL,Wastewater: Treatment Plant,1606,4972,"60115",Advanced,Treatment Upgrade,8.63,,,
"54001902001",1094881,WV,Wastewater: Treatment Plant,1641,5120,"25414",Advanced,Treatment Upgrade,1,,,
"54003206001",1095097,WV,Wastewater: Treatment Plant,1661,5202,"25434",Advanced,Treatment Upgrade,0.12,,,
"17000000026",3607503,IL,Wastewater: Treatment Plant,1681,5235,"60143",Advanced,Treatment Upgrade,3.2,,,
"17000000027",3607504,IL,Wastewater: Treatment Plant,1682,5241,"61071",Advanced,Treatment Upgrade,3,,,
"19000581101",1123963,IA,Wastewater: Treatment Plant,3469,15813,"52759",Advanced,Treatment Upgrade,0.0882,,,
"19000581101",1123963,IA,Wastewater: Treatment Plant,3470,15813,"52759",Disinfection Only,Treatment Upgrade/ Ultraviolet (UV),0.0882,,,
"17000703002",3521616,IL,Wastewater: Treatment Plant,1146,4648,"60083",Advanced,Treatment Upgrade,2.1,,,
"19000831001",1124177,IA,Wastewater: Treatment Plant,4189,18935,"50674",Advanced,Treatment Upgrade,0.82,,,
"54002804001",1095035,WV,Wastewater: Collection,3084,13767,"26750",,Rehabilitation,,29000,,
"19000064001",1123509,IA,Wastewater: Treatment Plant,5053,22954,"50028",Advanced,Treatment Upgrade,0.319,,,
"54001402001",1094820,WV,Wastewater: Collection,4002,18278,"26757",,Rehabilitation,,55000,,
"54001402001",1094820,WV,Wastewater: Treatment Plant,9866,45436,"26757",Secondary Mechanical,Rehabilitation,1,,,
"54002004001",1094896,WV,Wastewater: Collection,7543,35493,"25035",,Rehabilitation,,195000,,
"54002004001",1094896,WV,Wastewater: Treatment Plant,7542,35492,"25035",Secondary Mechanical,Treatment Upgrade,2.5,,,
"54002004001",1094896,WV,Wastewater: Collection,7544,35494,"25035",,Rehabilitation,,57000,,
"19000605001",1123985,IA,Wastewater: Treatment Plant,3526,16113,"50568",Advanced,Treatment Upgrade,0.255,,,
"19000605001",1123985,IA,Wastewater: Treatment Plant,3527,16113,"50568",Disinfection Only,Treatment Upgrade/ Ultraviolet (UV),0.255,,,
"19000824001",1124169,IA,Wastewater: Treatment Plant,4181,18930,"50248",Advanced,Treatment Upgrade,0.948,,,
"54002001001",1094894,WV,Wastewater: Collection,4807,21679,"25015",,Rehabilitation,,5280,,
"54002001001",1094894,WV,Wastewater: Treatment Plant,4806,21678,"25015",Secondary Mechanical,Treatment Upgrade,0.7,,,
"17000693003",3520356,IL,Wastewater: Treatment Plant,1320,4821,"60544",Advanced,Treatment Upgrade,7.5,,,
"17000661001",1113930,IL,Wastewater: Treatment Plant,1097,4533,"60021",Advanced,Treatment Upgrade,1.25,,,
"17000443001",1113714,IL,Wastewater: Treatment Plant,1246,4750,"60448",Advanced,Treatment Upgrade,3.3,,,
"19001016001",1124295,IA,Wastewater: Treatment Plant,4332,19431,"52136",Advanced,Treatment Upgrade,2.436,,,
"54004701001",1095257,WV,Wastewater: Treatment Plant,1270,4801,"26260",Lagoon,Treatment Upgrade,0.12,,,
"54004701001",1095257,WV,Wastewater: Collection,1272,4803,"26260",,Expansion,,10000,1,0.25
"19000434001",1123828,IA,Wastewater: Treatment Plant,5223,23430,"51543",Advanced,Treatment Upgrade,0.05,,,
"19001018001",1124297,IA,Wastewater: Treatment Plant,3167,14045,"52155",Advanced,Treatment Upgrade,0.28,,,
"19001018001",1124297,IA,Wastewater: Treatment Plant,3168,14045,"52155",Disinfection Only,Treatment Upgrade/ Ultraviolet (UV),0.28,,,
"17000653001",1113922,IL,Wastewater: Treatment Plant,1092,4523,"60118",Advanced,Treatment Upgrade,2.3,,,
"17000671001",1113939,IL,Wastewater: Treatment Plant,1122,4614,"60033",Advanced,Treatment Upgrade,1.8,,,
"38000060001",1151313,ND,Wastewater: Collection,3913,8365,"58727",,Replace,,15000,,
"38000060001",1151313,ND,Wastewater: Treatment Plant,3914,8366,"58727",Lagoon,Rehabilitation,0.03,,,
"19000596001",1123978,IA,Wastewater: Treatment Plant,3475,15819,"52314",Advanced,Treatment Upgrade,1.436,,,
"54001205001",1239022,WV,Wastewater: Treatment Plant,3444,15689,"26847",Secondary Mechanical,Replace,1.35,,,
"54001205001",1239022,WV,Wastewater: Collection,3446,15695,"26847",,Replace,,1000,,
"54001205001",1239022,WV,Wastewater: Collection,3445,15694,"26847",,Rehabilitation,,79200,,
"54004005001",1095168,WV,Wastewater: Treatment Plant,7249,34036,"25526",Secondary Mechanical,Rehabilitation,4,,,
"54004005001",1095168,WV,Wastewater: Collection,7251,34037,"25526",,Rehabilitation,,52800,,
"54004005001",1095168,WV,Wastewater: Collection,7252,34038,"25526",,Replace,,52800,,
"01000400003",1102208,AL,Wastewater: Treatment Plant,10783,53172,"36089",Secondary Mechanical,Rehabilitation,2.25,,,
"01000400003",1102208,AL,Wastewater: Collection,10784,53173,"36089",,Rehabilitation,,13200,,
"17000052001",1232695,IL,Wastewater: Treatment Plant,1271,4802,"61350",Advanced,Treatment Upgrade,4,,,
"17000344001",1232714,IL,Wastewater: Treatment Plant,1025,4403,"61008",Advanced,Treatment Upgrade,5.8,,,
"17000016001",1113309,IL,Wastewater: Treatment Plant,1123,4615,"62948",Advanced,Treatment Upgrade,1.81,,,
"19000485001",1123875,IA,Wastewater: Treatment Plant,3169,14046,"52253",Advanced,Treatment Upgrade,0.4,,,
"54001207002",3504240,WV,Wastewater: Treatment Plant,3403,15354,"26707",Secondary Mechanical,Rehabilitation,0.05,,,
"54001207002",3504240,WV,Wastewater: Collection,3404,15356,"26707",,Rehabilitation,,1050,,
"17003313001",1114141,IL,Wastewater: Treatment Plant,1084,4509,"62236",Advanced,Treatment Upgrade,1.47,,,
"19000362001",1234659,IA,Wastewater: Treatment Plant,4347,19453,"50441",Advanced,Treatment Upgrade,1.374,,,
"19000877001",1234688,IA,Wastewater: Treatment Plant,4208,18978,"52347",Advanced,Treatment Upgrade,0.2,,,
"19000877001",1234688,IA,Wastewater: Treatment Plant,4209,18978,"52347",Disinfection Only,Treatment Upgrade/ Ultraviolet (UV),0.2,,,
"17000721008",1114000,IL,Wastewater: Treatment Plant,1806,5529,"60439",Advanced,Treatment Upgrade,4.2,,,
"19000259001",1123676,IA,Wastewater: Treatment Plant,5193,23306,"52553",Advanced,Treatment Upgrade,0.626,,,
"19000886001",1124226,IA,Wastewater: Treatment Plant,4708,21201,"52351",Advanced,Treatment Upgrade,0.43,,,
"17000632001",1232725,IL,Wastewater: Treatment Plant,1063,4466,"60510",Advanced,Treatment Upgrade,4.9,,,
"55000034001",1206028,WI,Wastewater: Collection,9413,44014,"54821",,New,,750,1,0.006
"54002810001",1095039,WV,Wastewater: Treatment Plant,9504,44195,"26753",Secondary Mechanical,Expansion,1.8,,,
"54002810001",1095039,WV,Wastewater: Collection,9512,44201,"26753",,New,,39600,0,0
"54002810001",1095039,WV,Wastewater: Collection,9506,44196,"26753",,Rehabilitation,,195000,,
"54002810001",1095039,WV,Wastewater: Collection,9510,44196,"26753",,Rehabilitation,,117593,,
"54002810001",1095039,WV,Wastewater: Collection,9511,44199,"26753",,Replace,,70274,,
"54004804001",1095267,WV,Wastewater: Treatment Plant,4301,19285,"26175",Secondary Mechanical,Rehabilitation,0.3,,,
"54004804001",1095267,WV,Wastewater: Collection,4302,19286,"26175",,Rehabilitation,,5280,,
"17000648001",1113918,IL,Wastewater: Treatment Plant,1070,4485,"60110",Advanced,Treatment Upgrade,4.5,,,
"17001502001",1114096,IL,Wastewater: Treatment Plant,1529,4907,"62471",Advanced,Treatment Upgrade,1.3,,,
"17001502001",1114096,IL,Wastewater: Collection,3256,14348,"62471",,New,,10400,0,0
"17000069001",1113357,IL,Wastewater: Treatment Plant,1023,4387,"60401",Advanced,Treatment Upgrade,1.2,,,
"17000184001",1113461,IL,Wastewater: Treatment Plant,1465,4885,"61081",Advanced,Treatment Upgrade,3.6,,,
"18000113001",1120124,IN,Wastewater: Treatment Plant,9142,42633,"46375",Advanced,Rehabilitation,8.7,,,
"19000579001",1123961,IA,Wastewater: Treatment Plant,3465,15806,"50171",Disinfection Only,Treatment Upgrade/ Ultraviolet (UV),1.25,,,
"19000579001",1123961,IA,Wastewater: Treatment Plant,3466,15807,"50171",Advanced,Treatment Upgrade,1.25,,,
"17000232001",1113507,IL,Wastewater: Treatment Plant,1807,5534,"62226",Advanced,Treatment Upgrade,5.015,,,
"19000493001",1123883,IA,Wastewater: Treatment Plant,3170,14049,"51453",Advanced,Treatment Upgrade,0.053,,,
"19000493001",1123883,IA,Wastewater: Treatment Plant,3171,14049,"51453",Disinfection Only,Treatment Upgrade/ Ultraviolet (UV),0.053,,,
"01000015001",1101842,AL,Wastewater: Collection,5923,25400,"36003",,Rehabilitation,,26400,,
"19000208001",1123627,IA,Wastewater: Treatment Plant,3561,16535,"52808",Advanced,Treatment Upgrade,12,,,
"17000530001",1113805,IL,Wastewater: Treatment Plant,1201,4683,"60046",Advanced,Treatment Upgrade,2,,,
"19000655001",1124028,IA,Wastewater: Treatment Plant,3581,16606,"52501",Advanced,Treatment Upgrade,10,,,
"36005069001",1220879,NY,Wastewater: Collection,3911,7752,"12845",,Rehabilitation,,2000,,
"19000671001",1124043,IA,Wastewater: Treatment Plant,3621,16755,"51046",Advanced,Treatment Upgrade,0.527,,,
"19000671001",1124043,IA,Wastewater: Treatment Plant,3622,16755,"51046",Disinfection Only,Treatment Upgrade/ Ultraviolet (UV),0.527,,,
"19000899001",1124237,IA,Wastewater: Treatment Plant,2801,10072,"50677",Advanced,Expansion,2.33,,,
"19000499001",1123890,IA,Wastewater: Treatment Plant,3172,14051,"50150",Advanced,Treatment Upgrade,0.182,,,
"19000499001",1123890,IA,Wastewater: Treatment Plant,3173,14051,"50150",Disinfection Only,Treatment Upgrade/ Ultraviolet (UV),0.182,,,
"19000607001",1123987,IA,Wastewater: Treatment Plant,3521,16107,"50659",Advanced,Treatment Upgrade,2.2,,,
"19001012001",1124291,IA,Wastewater: Treatment Plant,3522,16108,"50662",Disinfection Only,Treatment Upgrade/ Ultraviolet (UV),2.66,,,
"19001012001",1124291,IA,Wastewater: Treatment Plant,3523,16109,"50662",Advanced,Treatment Upgrade,2.66,,,
"19000255001",1123672,IA,Wastewater: Treatment Plant,3461,15804,"51557",Advanced,Treatment Upgrade,0.766,,,
"19000255001",1123672,IA,Wastewater: Treatment Plant,3462,15804,"51557",Disinfection Only,Treatment Upgrade/ Ultraviolet (UV),0.766,,,
"01000000148",3608793,AL,Wastewater: Collection,3145,13933,"35618",,Replace,,10000,,
"01000000148",3608793,AL,Wastewater: Collection,3144,13932,"35618",,Rehabilitation,,4000,,
"19000572001",1123954,IA,Wastewater: Treatment Plant,3344,15082,"50169",Advanced,Treatment Upgrade,1.69,,,
"01000145002",1101980,AL,Wastewater: Collection,3147,13939,"36274",,Replace,,5000,,
"01000145002",1101980,AL,Wastewater: Collection,3146,13938,"36274",,Rehabilitation,,120000,,
"17000033001",1113324,IL,Wastewater: Treatment Plant,1222,4729,"61455",Advanced,Treatment Upgrade,3,,,
"17000489002",1113762,IL,Wastewater: Treatment Plant,1808,5543,"60191",Advanced,Treatment Upgrade,1.13,,,
"19000790001",1124138,IA,Wastewater: Treatment Plant,2541,8534,"52332",Disinfection Only,Treatment Upgrade/ Chlorine,0.48,,,
"19000790001",1124138,IA,Wastewater: Treatment Plant,2542,8534,"52332",Secondary Mechanical,Treatment Upgrade,0.48,,,
"54000505001",1094737,WV,Wastewater: Treatment Plant,8781,41186,"26035",Secondary Mechanical,New,0.05,,,
"54000505001",1094737,WV,Wastewater: Collection,8782,41187,"26035",,Rehabilitation,,5280,,
"54001504002",1094832,WV,Wastewater: Treatment Plant,2382,6360,"26050",Secondary Mechanical,Rehabilitation,0.14,,,
"54002038002",1094914,WV,Wastewater: Treatment Plant,9767,44929,"25313",Secondary Mechanical,New,1.5,,,
"54002038002",1094914,WV,Wastewater: Collection,9768,44930,"25313",,Rehabilitation,,36960,,
"17000096001",1113379,IL,Wastewater: Treatment Plant,1068,4481,"62821",Advanced,Treatment Upgrade,1.4,,,
"19000591001",1123972,IA,Wastewater: Treatment Plant,3471,15817,"50854",Advanced,Treatment Upgrade,0.78,,,
"19000591001",1123972,IA,Wastewater: Treatment Plant,3472,15817,"50854",Disinfection Only,Treatment Upgrade/ Ultraviolet (UV),0.78,,,
"19000855001",1124200,IA,Wastewater: Treatment Plant,2982,12022,"50675",Disinfection Only,Treatment Upgrade/ Ultraviolet (UV),0.608,,,
"19000855001",1124200,IA,Wastewater: Treatment Plant,2981,12022,"50675",Advanced,Treatment Upgrade,0.608,,,
"19000950001",1124281,IA,Wastewater: Collection,3905,3904,"52748",,Rehabilitation,,15000,,
"54002043001",1094916,WV,Wastewater: Treatment Plant,3501,16030,"25086",Secondary Mechanical,Replace,0.2,,,
"54002043001",1094916,WV,Wastewater: Collection,3502,16031,"25086",,Rehabilitation,,15000,,
"54002043001",1094916,WV,Wastewater: Collection,3503,16032,"25086",,Replace,,10000,,
"54001493001",1094823,WV,Wastewater: Collection,3513,16057,"26722",,Rehabilitation,,7116,,
"17000689001",1113954,IL,Wastewater: Treatment Plant,1278,4814,"61554",Advanced,Treatment Upgrade,6.84,,,
"19000616001",1123994,IA,Wastewater: Treatment Plant,3524,16111,"50210",Advanced,Treatment Upgrade,0.198,,,
"19000616001",1123994,IA,Wastewater: Treatment Plant,3525,16111,"50210",Disinfection Only,Treatment Upgrade/ Ultraviolet (UV),0.198,,,
"17000147001",1113421,IL,Wastewater: Treatment Plant,1221,4728,"60441",Advanced,Treatment Upgrade,2.26,,,
"17000080001",1113367,IL,Wastewater: Treatment Plant,1088,4516,"61021",Advanced,Treatment Upgrade,4.5,,,
"17000489001",1113761,IL,Wastewater: Treatment Plant,962,4264,"60191",Advanced,Treatment Upgrade,1.97,,,
"54001601001",1094837,WV,Wastewater: Treatment Plant,3481,15845,"26836",Advanced,Expansion,6,,,
"54001601001",1094837,WV,Wastewater: Collection,3483,15862,"26836",,Expansion,,26400,1,6
"19000402001",1123796,IA,Wastewater: Collection,3910,7362,"50124",,Replace,,3600,,
"19000402001",1123796,IA,Wastewater: Treatment Plant,5213,23342,"50124",Advanced,Treatment Upgrade,0.85,,,
"17000015002",1113308,IL,Wastewater: Treatment Plant,1066,4476,"62901",Advanced,Treatment Upgrade,2.64,,,
"17000269001",1113544,IL,Wastewater: Treatment Plant,1082,4506,"62234",Advanced,Treatment Upgrade,5.85,,,
"17000180003",3508141,IL,Wastewater: Treatment Plant,1530,4908,"62298",Advanced,Treatment Upgrade,2.086,,,
"01000358001",1102169,AL,Wastewater: Collection,3148,13944,"36866",,Replace,,4000,,
"17000000028",3607598,IL,Wastewater: Treatment Plant,1804,5521,"60174",Advanced,Treatment Upgrade,1.05,,,
"17000348001",1113617,IL,Wastewater: Treatment Plant,1450,4883,"61080",Advanced,Treatment Upgrade,3,,,
"19000182001",1123605,IA,Wastewater: Treatment Plant,3546,16512,"52241",Advanced,Treatment Upgrade,5.754,,,
"54005501001",1095325,WV,Wastewater: Treatment Plant,3381,15188,"24874",Secondary Mechanical,Replace,1.28,,,
"01000221001",1102055,AL,Wastewater: Collection,3243,14332,"35546",,Rehabilitation,,36000,,
"19000112001",1234637,IA,Wastewater: Treatment Plant,3361,15153,"52601",Advanced,Treatment Upgrade,10.85,,,
"19000429001",1123823,IA,Wastewater: Treatment Plant,3841,17845,"52632",Advanced,Treatment Upgrade,5,,,
"18004711001",1120401,IN,Wastewater: Treatment Plant,6522,27833,"47220",Advanced,Treatment Upgrade,1.2,,,
"19000352001",1123752,IA,Wastewater: Treatment Plant,3861,17988,"50112",Advanced,Treatment Upgrade,4.236,,,
"19001033001",1124312,IA,Wastewater: Treatment Plant,3883,18049,"52164",Disinfection Only,Treatment Upgrade/ Ultraviolet (UV),0.009,,,
"19001033001",1124312,IA,Wastewater: Treatment Plant,3882,18049,"52164",Advanced,Treatment Upgrade,0.009,,,
"54003910001",1095159,WV,Wastewater: Treatment Plant,3484,15895,"26764",Secondary Mechanical,Rehabilitation,0.25,,,
"54003910001",1095159,WV,Wastewater: Collection,3485,15896,"26764",,Rehabilitation,,80256,,
"54000101001",1094688,WV,Wastewater: Treatment Plant,3901,18093,"26250",Secondary Mechanical,Treatment Upgrade,0.37,,,
"54000101001",1094688,WV,Wastewater: Collection,3902,18094,"26250",,Rehabilitation,,27000,,
"19000699001",1234677,IA,Wastewater: Treatment Plant,2543,8547,"52069",Disinfection Only,Treatment Upgrade/ Chlorine,0.186,,,
"17000284001",1232707,IL,Wastewater: Treatment Plant,1528,4906,"62294",Advanced,Treatment Upgrade,3.55,,,
"19000406001",1123800,IA,Wastewater: Treatment Plant,3563,16547,"50125",Advanced,Treatment Upgrade,2.5,,,
"19000643001",1124016,IA,Wastewater: Treatment Plant,3544,16507,"51041",Advanced,Treatment Upgrade,1.9,,,
"19000577001",1123958,IA,Wastewater: Treatment Plant,3464,15805,"52159",Disinfection Only,Treatment Upgrade/ Ultraviolet (UV),0.312,,,
"19000577001",1123958,IA,Wastewater: Treatment Plant,3463,15805,"52159",Advanced,Treatment Upgrade,0.312,,,
"19000162001",1234644,IA,Wastewater: Treatment Plant,3545,16509,"52732",Advanced,Treatment Upgrade,12,,,
"17003903001",1114178,IL,Wastewater: Treatment Plant,1753,5413,"60545",Advanced,Treatment Upgrade,4.88,,,
"19000287001",1234651,IA,Wastewater: Treatment Plant,3862,17991,"52556",Advanced,Treatment Upgrade,4.2,,,
"19000690001",1124056,IA,Wastewater: Treatment Plant,3881,18047,"50574",Advanced,Treatment Upgrade,0.92,,,
"29000000274",3607884,MO,Wastewater: Treatment Plant,3802,17588,"65079",Disinfection Only,Treatment Upgrade/ Ultraviolet (UV),0.2,,,
"29000000274",3607884,MO,Wastewater: Treatment Plant,3801,17588,"65079",Advanced,Expansion,0.2,,,
"19000531001",1123919,IA,Wastewater: Treatment Plant,10041,13185,"50653",Lagoon,Rehabilitation,0.06,,,
"17000075001",1113364,IL,Wastewater: Treatment Plant,1531,4909,"60970",Advanced,Treatment Upgrade,1.6,,,
"33000015001",1100909,NH,Wastewater: Treatment Plant,5617,24748,"03451",Secondary Mechanical,Rehabilitation,0.3,,,
"33000015001",1100909,NH,Wastewater: Collection,5618,24749,"03455",,Replace,,25,1,0.001
"33000015001",1100909,NH,Wastewater: Collection,5619,24750,"03451",,Rehabilitation,,2000,,
"19000657001",1234673,IA,Wastewater: Treatment Plant,3584,16624,"52322",Advanced,Treatment Upgrade,0.239,,,
"19000537001",1123924,IA,Wastewater: Treatment Plant,2881,10827,"50158",Advanced,Treatment Upgrade,12,,,
"17000000029",3607609,IL,Wastewater: Treatment Plant,1841,5577,"61354",Advanced,Treatment Upgrade,1,,,
"19000664001",1124036,IA,Wastewater: Treatment Plant,2983,12024,"51562",Disinfection Only,Treatment Upgrade/ Ultraviolet (UV),0.0243,,,
"54004305001",1095224,WV,Wastewater: Collection,9041,41854,"26415",,Rehabilitation,,17200,,
"54004305001",1095224,WV,Wastewater: Treatment Plant,9040,41853,"26415",Secondary Mechanical,Rehabilitation,0.35,,,
"19000804001",1124152,IA,Wastewater: Treatment Plant,4165,18905,"52333",Disinfection Only,Treatment Upgrade/ Ultraviolet (UV),0.68,,,
"19000804001",1124152,IA,Wastewater: Treatment Plant,4164,18905,"52333",Advanced,Treatment Upgrade,0.68,,,
"19000791001",1124139,IA,Wastewater: Treatment Plant,4168,18908,"51601",Disinfection Only,Treatment Upgrade/ Ultraviolet (UV),1.88,,,
"19000791001",1124139,IA,Wastewater: Treatment Plant,4169,18909,"51601",Advanced,Treatment Upgrade,1.88,,,
"54004203001",1095208,WV,Wastewater: Collection,4862,22037,"26270",,Rehabilitation,,15000,,
"54004203001",1095208,WV,Wastewater: Treatment Plant,4861,22036,"26270",Secondary Mechanical,Treatment Upgrade,0.04,,,
"19000133001",1123561,IA,Wastewater: Treatment Plant,4216,18985,"50613",Advanced,Treatment Upgrade,8.8,,,
"01000000155",3611091,AL,Wastewater: Treatment Plant,5801,25104,"36524",Secondary Mechanical,Rehabilitation,0.35,,,
"54004215001",1095213,WV,Wastewater: Treatment Plant,4808,21694,"26280",Lagoon,Rehabilitation,0.41,,,
"19000048001",1123495,IA,Wastewater: Treatment Plant,5050,22947,"50025",Advanced,Treatment Upgrade,0.967,,,
"19001054001",1124330,IA,Wastewater: Treatment Plant,5052,22951,"52045",Advanced,Treatment Upgrade,0.004,,,
"36004058001",1220756,NY,Wastewater: Treatment Plant,5059,22968,"13753",Advanced,Expansion,2,,,
"36004058001",1220756,NY,Wastewater: Treatment Plant,5060,22968,"13753",Advanced,Rehabilitation,2,,,
"36004058001",1220756,NY,Wastewater: Collection,5061,22969,"13753",,Rehabilitation,,10000,,
"19000851001",1234685,IA,Wastewater: Treatment Plant,4192,18942,"52772",Advanced,Treatment Upgrade,1.14,,,
"18000902001",1120232,IN,Wastewater: Collection,4841,21871,"47032",,New,,3500,0,0
"54005409001",1095321,WV,Wastewater: Treatment Plant,3963,18233,"26187",Secondary Mechanical,Rehabilitation,0.6,,,
"54005409001",1095321,WV,Wastewater: Collection,3964,18234,"26187",,Replace,,5280,,
"19000001001",1123450,IA,Wastewater: Treatment Plant,5001,22660,"50601",Advanced,Treatment Upgrade,0.53,,,
"19000006001",1123455,IA,Wastewater: Treatment Plant,5003,22663,"52530",Advanced,Treatment Upgrade,0.1885,,,
"19000016001",1123465,IA,Wastewater: Treatment Plant,5046,22670,"50008",Advanced,Treatment Upgrade,0.21,,,
"47000090001",1235031,TN,Wastewater: Collection,5044,22854,"38544",,Rehabilitation,,72000,,
"47000090001",1235031,TN,Wastewater: Treatment Plant,5041,22848,"38544",Secondary Mechanical,Expansion,2,,,
"49000003001",1170361,UT,Wastewater: Treatment Plant,4147,18840,"84627",Lagoon,Treatment Upgrade,1.31,,,
"19000830001",1124176,IA,Wastewater: Treatment Plant,4187,18934,"50251",Advanced,Treatment Upgrade,0.99,,,
"19000830001",1124176,IA,Wastewater: Treatment Plant,4188,18934,"50251",Disinfection Only,Treatment Upgrade/ Ultraviolet (UV),0.99,,,
"19000574001",1123956,IA,Wastewater: Treatment Plant,5192,23305,"51530",Advanced,Treatment Upgrade,0.183,,,
"19000905001",1124242,IA,Wastewater: Treatment Plant,4711,21207,"52356",Advanced,Treatment Upgrade,0.45,,,
"19000440001",1123834,IA,Wastewater: Treatment Plant,5224,23433,"50449",Advanced,Treatment Upgrade,0.64,,,
"19000040001",1123488,IA,Wastewater: Treatment Plant,5048,22940,"52002",Advanced,Treatment Upgrade,0.803,,,
"19000186001",1123609,IA,Wastewater: Treatment Plant,5187,23296,"50060",Advanced,Treatment Upgrade,0.936,,,
"54000615001",1094750,WV,Wastewater: Collection,4025,18338,"25541",,Rehabilitation,,115000,,
"54000615001",1094750,WV,Wastewater: Collection,4026,18339,"25541",,Rehabilitation,,115000,,
"13000400001",1109290,GA,Wastewater: Collection,4424,19926,"31799",,Replace,,1350,,
"13000400001",1109290,GA,Wastewater: Collection,4427,19926,"31799",,Rehabilitation,,6600,,
"13000400001",1109290,GA,Wastewater: Collection,4422,19926,"31799",,Replace,,5800,,
"13000400001",1109290,GA,Wastewater: Collection,4426,19926,"31799",,Rehabilitation,,5325,,
"13000400001",1109290,GA,Wastewater: Collection,4425,19926,"31799",,Rehabilitation,,16738,,
"13000400001",1109290,GA,Wastewater: Collection,4421,19926,"31799",,Replace,,1000,,
"13000400001",1109290,GA,Wastewater: Collection,4423,19926,"31799",,Replace,,1700,,
"13000400001",1109290,GA,Wastewater: Collection,4428,19926,"31799",,Rehabilitation,,6600,,
"17000418001",1113687,IL,Wastewater: Treatment Plant,1043,4445,"60440",Advanced,Treatment Upgrade,2.04,,,
"19000916001",1124253,IA,Wastewater: Treatment Plant,4714,21212,"52776",Advanced,Treatment Upgrade,2.21,,,
"19001017001",1124296,IA,Wastewater: Treatment Plant,5195,23312,"50628",Advanced,Treatment Upgrade,0.4,,,
"19000136001",1123564,IA,Wastewater: Treatment Plant,5176,23285,"52213",Advanced,Treatment Upgrade,0.2,,,
"19000150001",1123576,IA,Wastewater: Treatment Plant,5186,23294,"52549",Advanced,Treatment Upgrade,0.061,,,
"19000209001",1123629,IA,Wastewater: Treatment Plant,5189,23298,"50065",Advanced,Treatment Upgrade,0.09,,,
"19000300001",1123710,IA,Wastewater: Treatment Plant,5201,23321,"50846",Advanced,Treatment Upgrade,0.398,,,
"19000373001",1123771,IA,Wastewater: Treatment Plant,5207,23335,"51346",Advanced,Treatment Upgrade,0.78,,,
"19001091001",1124361,IA,Wastewater: Treatment Plant,5210,23339,"52236",Advanced,Treatment Upgrade,0.084,,,
"17000637001",1113908,IL,Wastewater: Treatment Plant,1094,4527,"60119",Advanced,Treatment Upgrade,1.266,,,
"19000146001",1234641,IA,Wastewater: Treatment Plant,4329,19428,"51012",Advanced,Treatment Upgrade,2.387,,,
"17000000022",3607396,IL,Wastewater: Treatment Plant,1099,4543,"60121",Advanced,Treatment Upgrade,7.75,,,
"19000928001",1124263,IA,Wastewater: Treatment Plant,4721,21231,"50271",Disinfection Only,Treatment Upgrade/ Ultraviolet (UV),0.11,,,
"19000928001",1124263,IA,Wastewater: Treatment Plant,4720,21231,"50271",Advanced,Treatment Upgrade,0.11,,,
"33000030001",1100927,NH,Wastewater: Treatment Plant,5559,24706,"03741",Aerated Lagoon,New,0.075,,,
"33000030001",1100927,NH,Wastewater: Treatment Plant,5560,24706,"03741",Aerated Lagoon,Treatment Upgrade,0.075,,,
"33000030001",1100927,NH,Wastewater: Treatment Plant,5901,24706,"03741",Aerated Lagoon,Rehabilitation,0.075,,,
"01000248001",1102078,AL,Wastewater: Collection,4144,18809,"36320",,Rehabilitation,,1200,,
"01000248001",1102078,AL,Wastewater: Treatment Plant,4142,18803,"36320",Aerated Lagoon,Rehabilitation,0.155,,,
"54004219001",1095215,WV,Wastewater: Collection,4283,19239,"26257",,Rehabilitation,,20000,,
"54004219001",1095215,WV,Wastewater: Collection,4282,19238,"26257",,Rehabilitation,,20000,,
"19000942001",1124274,IA,Wastewater: Treatment Plant,4724,21244,"52078",Advanced,Treatment Upgrade,0.165,,,
"13000000567",3610386,GA,Wastewater: Treatment Plant,9954,45958,"31024",Aerated Lagoon,Rehabilitation,0.295,,,
"19000105001",1123542,IA,Wastewater: Treatment Plant,4323,19422,"50423",Advanced,Treatment Upgrade,0.9,,,
"19000399001",1123794,IA,Wastewater: Treatment Plant,4349,19455,"50548",Advanced,Treatment Upgrade,1.8,,,
"19000929001",1234691,IA,Wastewater: Treatment Plant,4722,21232,"52361",Advanced,Treatment Upgrade,0.585,,,
"19000392001",1123788,IA,Wastewater: Treatment Plant,5211,23340,"52237",Advanced,Treatment Upgrade,0.167,,,
"54001804001",1094873,WV,Wastewater: Collection,4041,18391,"25271",,Rehabilitation,,150000,,
"54001804001",1094873,WV,Wastewater: Collection,4042,18392,"25271",,Rehabilitation,,150000,,
"19000859001",1124204,IA,Wastewater: Treatment Plant,4202,18968,"50257",Advanced,Treatment Upgrade,0.111,,,
"19000859001",1124204,IA,Wastewater: Treatment Plant,4203,18968,"50257",Disinfection Only,Treatment Upgrade/ Ultraviolet (UV),0.111,,,
"19000867001",1234686,IA,Wastewater: Treatment Plant,4211,18980,"52345",Advanced,Treatment Upgrade,0.48,,,
"19000867001",1234686,IA,Wastewater: Treatment Plant,4212,18980,"52345",Disinfection Only,Treatment Upgrade/ Ultraviolet (UV),0.48,,,
"54003911001",1095160,WV,Wastewater: Treatment Plant,4761,21601,"26444",Aerated Lagoon,Rehabilitation,0.08,,,
"54003911001",1095160,WV,Wastewater: Collection,4762,21602,"26444",,Rehabilitation,,20000,,
"54003911001",1095160,WV,Wastewater: Collection,4763,21603,"26444",,Rehabilitation,,20000,,
"49000010001",1170367,UT,Wastewater: Collection,5284,24089,"84319",,Expansion,,0,2,0.23
"49000010001",1170367,UT,Wastewater: Treatment Plant,5285,24090,"84319",Lagoon,New,2,,,
"49000010001",1170367,UT,Wastewater: Treatment Plant,5286,24091,"84319",Advanced,Replace,3,,,
"49000010001",1170367,UT,Wastewater: Collection,5287,24092,"84319",,Replace,,4000,,
"19001067001",1124341,IA,Wastewater: Treatment Plant,4182,18931,"52074",Advanced,Treatment Upgrade,0.013,,,
"17000012001",1232694,IL,Wastewater: Treatment Plant,1241,4743,"62959",Advanced,Treatment Upgrade,4.95,,,
"49000015001",1170372,UT,Wastewater: Treatment Plant,5967,25232,"84050",Lagoon,Rehabilitation,0.45,,,
"19000854001",1124199,IA,Wastewater: Treatment Plant,4199,18965,"52777",Disinfection Only,Treatment Upgrade/ Ultraviolet (UV),0.017,,,
"19000854001",1124199,IA,Wastewater: Treatment Plant,4198,18965,"52777",Advanced,Treatment Upgrade,0.017,,,
"18005251001",1234217,IN,Wastewater: Collection,4662,20869,"47567",,Replace,,528,,
"19000123001",1234638,IA,Wastewater: Treatment Plant,4324,19423,"50047",Advanced,Treatment Upgrade,1.48,,,
"19000368001",1123766,IA,Wastewater: Treatment Plant,4348,19454,"51537",Advanced,Treatment Upgrade,1.777,,,
"17000168001",1113446,IL,Wastewater: Treatment Plant,1481,4896,"61364",Advanced,Treatment Upgrade,4,,,
"01000000156",3611196,AL,Wastewater: Treatment Plant,5942,25437,"35610",Secondary Mechanical,Rehabilitation,0.05,,,
"01000000156",3611196,AL,Wastewater: Collection,5943,25438,"35610",,Rehabilitation,,500,,
"19000417001",1123811,IA,Wastewater: Treatment Plant,4353,19462,"50648",Advanced,Treatment Upgrade,2.25,,,
"54001101001",1094791,WV,Wastewater: Treatment Plant,5963,25504,"26351",Secondary Mechanical,Treatment Upgrade,0.65,,,
"54001101001",1094791,WV,Wastewater: Collection,5964,25505,"26351",,Rehabilitation,,80000,,
"54001101001",1094791,WV,Wastewater: Collection,5965,25506,"26351",,Replace,,57280,,
"54004705001",1095260,WV,Wastewater: Treatment Plant,4823,21785,"26287",Secondary Mechanical,Rehabilitation,0.5,,,
"54004705001",1095260,WV,Wastewater: Collection,4824,21786,"26287",,Replace,,25000,,
"18000000068",3610542,IN,Wastewater: Treatment Plant,4843,21888,"47022",Advanced,New,0.05,,,
"54004201001",1239028,WV,Wastewater: Collection,4845,21946,"26253",,Rehabilitation,,35000,,
"54004201001",1239028,WV,Wastewater: Treatment Plant,4844,21945,"26253",Aerated Lagoon,Treatment Upgrade,0.34,,,
"54002415001",1094973,WV,Wastewater: Treatment Plant,4284,19242,"26582",Secondary Mechanical,Expansion,0.75,,,
"54002415001",1094973,WV,Wastewater: Collection,4286,19244,"26582",,Replace,,40000,,
"54002415001",1094973,WV,Wastewater: Collection,4285,19243,"26582",,New,,120000,3,0.36
"19000088001",1234634,IA,Wastewater: Treatment Plant,8405,37767,"52537",Advanced,Treatment Upgrade,0.692,,,
"18000074001",1120104,IN,Wastewater: Collection,4661,20859,"46154",,Expansion,,10900,0,0
"19000243001",1123660,IA,Wastewater: Treatment Plant,5221,23402,"52001",Advanced,Treatment Upgrade,12,,,
"54002505011",3514017,WV,Wastewater: Collection,4361,19517,"26038",,Rehabilitation,,75000,,
"54002505011",3514017,WV,Wastewater: Collection,4362,19518,"26038",,Rehabilitation,,75000,,
"54002505011",3514017,WV,Wastewater: Collection,4363,19519,"26038",,Expansion,,25000,4,0.194
"54000000084",3610666,WV,Wastewater: Collection,5021,22732,"26238",,Replace,,9000,,
"19000003001",1123452,IA,Wastewater: Treatment Plant,5002,22662,"50002",Advanced,Treatment Upgrade,0.33,,,
"19000009001",1123457,IA,Wastewater: Treatment Plant,5004,22664,"50510",Advanced,Treatment Upgrade,0.38,,,
"19000011001",1123460,IA,Wastewater: Treatment Plant,5010,22669,"50005",Advanced,Treatment Upgrade,0.25,,,
"19000043001",1123490,IA,Wastewater: Treatment Plant,5049,22942,"52720",Advanced,Treatment Upgrade,0.04,,,
"19000056001",1123502,IA,Wastewater: Treatment Plant,5051,22948,"52073",Advanced,Treatment Upgrade,0.0064,,,
"19000252001",1123669,IA,Wastewater: Treatment Plant,5191,23303,"52224",Advanced,Treatment Upgrade,0.83,,,
"19000400001",1123795,IA,Wastewater: Treatment Plant,5212,23341,"50123",Advanced,Treatment Upgrade,0.27,,,
"54004304001",1239029,WV,Wastewater: Treatment Plant,4101,18510,"26362",Secondary Mechanical,Treatment Upgrade,0.5,,,
"54004304001",1239029,WV,Wastewater: Collection,4102,18511,"26362",,Rehabilitation,,30000,,
"54004304001",1239029,WV,Wastewater: Collection,4103,18512,"26362",,Rehabilitation,,30000,,
"13000000607",3610712,GA,Wastewater: Collection,9951,45955,"31305",,Rehabilitation,,3000,,
"13000000607",3610712,GA,Wastewater: Collection,9952,45956,"31305",,Replace,,2000,,
"13000000607",3610712,GA,Wastewater: Collection,9953,45957,"31305",,Replace,,0,1,0.13
"19000145001",1123573,IA,Wastewater: Treatment Plant,5182,23289,"52215",Advanced,Treatment Upgrade,0.043,,,
"19001023002",1124302,IA,Wastewater: Treatment Plant,4334,19433,"52101",Advanced,Treatment Upgrade,4.32,,,
"19000446001",1123839,IA,Wastewater: Treatment Plant,5225,23434,"50450",Advanced,Treatment Upgrade,0.75,,,
"36004072001",1220773,NY,Wastewater: Treatment Plant,5056,22966,"12157",Advanced,Rehabilitation,0.325,,,
"36004072001",1220773,NY,Wastewater: Treatment Plant,5057,22966,"12157",Advanced,Treatment Upgrade,0.325,,,
"36004072001",1220773,NY,Wastewater: Collection,5058,22967,"12157",,Replace,,3500,,
"19000204001",1123623,IA,Wastewater: Treatment Plant,5188,23297,"50063",Advanced,Treatment Upgrade,1.2,,,
"19000382001",1123778,IA,Wastewater: Treatment Plant,5209,23338,"52563",Advanced,Treatment Upgrade,0.465,,,
"19000228001",1123646,IA,Wastewater: Treatment Plant,4336,19435,"52742",Advanced,Treatment Upgrade,2.14,,,
"19000277001",1123691,IA,Wastewater: Treatment Plant,4340,19441,"50536",Advanced,Treatment Upgrade,1.5,,,
"19000416001",1123810,IA,Wastewater: Treatment Plant,4352,19461,"50129",Advanced,Treatment Upgrade,2.45,,,
"49000132001",1170480,UT,Wastewater: Treatment Plant,5288,24117,"84542",Disinfection Only,Treatment Upgrade/ Ultraviolet (UV),4,,,
"49000132001",1170480,UT,Wastewater: Treatment Plant,5289,24117,"84542",Advanced,Replace,4,,,
"49000132001",1170480,UT,Wastewater: Treatment Plant,5290,24117,"84542",Advanced,Rehabilitation,4,,,
"19000140001",1123568,IA,Wastewater: Treatment Plant,4327,19426,"50049",Advanced,Treatment Upgrade,1.115,,,
"19000000179",3610709,IA,Wastewater: Treatment Plant,5200,23320,"52144",Advanced,Treatment Upgrade,0.01,,,
"19000333001",1123738,IA,Wastewater: Treatment Plant,5205,23333,"50543",Advanced,Treatment Upgrade,0.72,,,
"33000042001",1100938,NH,Wastewater: Collection,6981,31291,"03215",,Replace,,9385,,
"19000922001",1124258,IA,Wastewater: Treatment Plant,4718,21229,"50268",Advanced,Treatment Upgrade,0.32,,,
"19000922001",1124258,IA,Wastewater: Treatment Plant,4719,21229,"50268",Disinfection Only,Treatment Upgrade/ Ultraviolet (UV),0.32,,,
"19000837001",1124182,IA,Wastewater: Treatment Plant,4190,18938,"52338",Disinfection Only,Treatment Upgrade/ Ultraviolet (UV),0.32,,,
"19000837001",1124182,IA,Wastewater: Treatment Plant,4191,18938,"52338",Advanced,Treatment Upgrade,0.32,,,
"13000999021",3538836,GA,Wastewater: Collection,4766,21608,"39817",,Rehabilitation,,8860,,
"13000999021",3538836,GA,Wastewater: Treatment Plant,4765,21609,"39817",Secondary Mechanical,Rehabilitation,1.5,,,
"28000830001",1160383,MS,Wastewater: Treatment Plant,5944,25468,"39654",Lagoon,Rehabilitation,0.225,,,
"19000046001",1123493,IA,Wastewater: Treatment Plant,4322,19421,"50022",Advanced,Treatment Upgrade,2.65,,,
"19000158001",1123583,IA,Wastewater: Treatment Plant,4331,19430,"50428",Advanced,Treatment Upgrade,5.7,,,
"19000194001",1123615,IA,Wastewater: Treatment Plant,4333,19432,"50801",Advanced,Treatment Upgrade,3.6,,,
"19000004001",1123453,IA,Wastewater: Treatment Plant,4262,19221,"50003",Advanced,Treatment Upgrade,3.4,,,
"19000263001",1123679,IA,Wastewater: Treatment Plant,4338,19437,"50627",Advanced,Treatment Upgrade,1.515,,,
"19000264001",1123680,IA,Wastewater: Treatment Plant,4339,19439,"52748",Advanced,Treatment Upgrade,2.4,,,
"19000405001",1123799,IA,Wastewater: Treatment Plant,4350,19458,"50644",Advanced,Treatment Upgrade,4,,,
"19000839001",1124184,IA,Wastewater: Treatment Plant,4193,18957,"52339",Advanced,Treatment Upgrade,2,,,
"19000137001",1123565,IA,Wastewater: Treatment Plant,4326,19425,"52544",Advanced,Treatment Upgrade,1.5,,,
"19000223001",1123641,IA,Wastewater: Treatment Plant,4335,19434,"51442",Advanced,Treatment Upgrade,4.17,,,
"19001030001",1124309,IA,Wastewater: Treatment Plant,4354,19463,"50138",Advanced,Treatment Upgrade,3.07,,,
"19000125001",1234639,IA,Wastewater: Treatment Plant,4325,19424,"51401",Advanced,Treatment Upgrade,4.2,,,
"19000919001",1124256,IA,Wastewater: Treatment Plant,4715,21215,"52656",Disinfection Only,Treatment Upgrade/ Ultraviolet (UV),0.314,,,
"19000081001",1123521,IA,Wastewater: Treatment Plant,5055,22963,"52535",Advanced,Treatment Upgrade,0.19,,,
"19000285001",1123698,IA,Wastewater: Treatment Plant,5197,23317,"50629",Advanced,Treatment Upgrade,0.282,,,
"54004210001",1095212,WV,Wastewater: Collection,4281,19235,"26241",,Rehabilitation,,136450,,
"54004901001",1095272,WV,Wastewater: Collection,4305,19298,"26201",,Rehabilitation,,124789,,
"19000461001",1123853,IA,Wastewater: Treatment Plant,5227,23440,"50141",Advanced,Treatment Upgrade,0.073,,,
"19000291001",1123702,IA,Wastewater: Treatment Plant,5199,23319,"50538",Advanced,Treatment Upgrade,0.053,,,
"19000935001",1234693,IA,Wastewater: Treatment Plant,4723,21239,"50682",Advanced,Treatment Upgrade,0.46,,,
"54000000081",3610506,WV,Wastewater: Collection,6742,29456,"26362",,Rehabilitation,,7000,,
"54000000081",3610506,WV,Wastewater: Treatment Plant,6741,29455,"26362",Secondary Mechanical,New,0.186,,,
"54001701001",1094841,WV,Wastewater: Collection,4023,18330,"26323",,Rehabilitation,,25000,,
"54001701001",1094841,WV,Wastewater: Collection,4024,18331,"26323",,Rehabilitation,,25000,,
"54002022001",1094907,WV,Wastewater: Collection,4044,18400,"25320",,Rehabilitation,,15840,,
"01000101001",1101933,AL,Wastewater: Collection,4063,18447,"36551",,Rehabilitation,,4000,,
"01000101001",1101933,AL,Wastewater: Collection,4064,18448,"36551",,Rehabilitation,,5000,,
"19000900001",1124238,IA,Wastewater: Treatment Plant,4704,21161,"52654",Advanced,Treatment Upgrade,0.31,,,
"19000900001",1124238,IA,Wastewater: Treatment Plant,4705,21161,"52654",Disinfection Only,Treatment Upgrade/ Ultraviolet (UV),0.31,,,
"19000765001",1124118,IA,Wastewater: Treatment Plant,4175,18914,"50240",Disinfection Only,Treatment Upgrade/ Ultraviolet (UV),0.12,,,
"19000765001",1124118,IA,Wastewater: Treatment Plant,4174,18914,"50240",Advanced,Treatment Upgrade,0.12,,,
"19000819001",1124164,IA,Wastewater: Treatment Plant,4183,18932,"50247",Advanced,Treatment Upgrade,0.465,,,
"19000819001",1124164,IA,Wastewater: Treatment Plant,4184,18932,"50247",Disinfection Only,Treatment Upgrade/ Ultraviolet (UV),0.465,,,
"19000829001",1124175,IA,Wastewater: Treatment Plant,4186,18933,"50250",Disinfection Only,Treatment Upgrade/ Ultraviolet (UV),0.73,,,
"19000829001",1124175,IA,Wastewater: Treatment Plant,4185,18933,"50250",Advanced,Treatment Upgrade,0.73,,,
"19000316001",1123723,IA,Wastewater: Treatment Plant,5202,23322,"52049",Advanced,Treatment Upgrade,0.194,,,
"19000902001",1124239,IA,Wastewater: Treatment Plant,5262,23902,"50595",Disinfection Only,Treatment Upgrade/ Ultraviolet (UV),3.3,,,
"19000902001",1124239,IA,Wastewater: Treatment Plant,4703,21148,"50595",Advanced,Treatment Upgrade,3.3,,,
"19000885001",1124224,IA,Wastewater: Treatment Plant,4682,20943,"52773",Advanced,Treatment Upgrade,1.308,,,
"19000885001",1124224,IA,Wastewater: Treatment Plant,4681,20942,"52773",Disinfection Only,Treatment Upgrade/ Ultraviolet (UV),1.308,,,
"33000004001",1100900,NH,Wastewater: Collection,4805,21663,"03249",,Replace,,100,1,0.2
"54004902001",1095273,WV,Wastewater: Collection,4821,21783,"26201",,Rehabilitation,,30000,,
"54004902001",1095273,WV,Wastewater: Collection,4822,21784,"26201",,Rehabilitation,,30000,,
"19000354001",1123754,IA,Wastewater: Treatment Plant,4346,19452,"50638",Advanced,Treatment Upgrade,1.2,,,
"01000235003",1102066,AL,Wastewater: Treatment Plant,6703,28719,"36726",Secondary Mechanical,Replace,0.3,,,
"01000235003",1102066,AL,Wastewater: Collection,6704,28720,"36726",,Rehabilitation,,7920,,
"33000006001",1100902,NH,Wastewater: Collection,5969,25601,"03253",,Replace,,825,,
"33000006001",1100902,NH,Wastewater: Collection,5970,25601,"03253",,Replace,,800,,
"33000006001",1100902,NH,Wastewater: Collection,5972,25601,"03253",,Replace,,700,,
"33000006001",1100902,NH,Wastewater: Collection,5973,25601,"03253",,Replace,,2300,,
"33000006001",1100902,NH,Wastewater: Collection,5974,25601,"03253",,Replace,,225,,
"33000025003",1100923,NH,Wastewater: Collection,6527,27938,"03590",,Replace,,500,,
"33000025003",1100923,NH,Wastewater: Treatment Plant,6528,27939,"03590",Secondary Mechanical,Rehabilitation,0.024,,,
"33000025003",1100923,NH,Wastewater: Collection,6529,27940,"03590",,Replace,,0,1,0.024
"13000572001",1109371,GA,Wastewater: Treatment Plant,9957,46010,"30629",Lagoon,Treatment Upgrade,0.09,,,
"01000256001",1102085,AL,Wastewater: Treatment Plant,7421,34946,"36322",Lagoon,Rehabilitation,0.375,,,
"01000256001",1102085,AL,Wastewater: Collection,7422,34947,"36322",,Rehabilitation,,68640,,
"01000000162",3611540,AL,Wastewater: Treatment Plant,6881,30713,"35612",Secondary Mechanical,Replace,0.04,,,
"19000623001",1234672,IA,Wastewater: Treatment Plant,2653,9241,"52317",Advanced,Treatment Upgrade,4.429,,,
"19000623001",1234672,IA,Wastewater: Treatment Plant,2652,9240,"52317",Disinfection Only,Treatment Upgrade/ Chlorine,4.429,,,
"01000256004",1102087,AL,Wastewater: Collection,7423,34964,"36322",,Rehabilitation,,105600,,
"55001310001",1206170,WI,Wastewater: Collection,7484,35239,"53115",,Replace,,2790.5,,
"01000260001",1102090,AL,Wastewater: Collection,6121,26111,"36028",,Rehabilitation,,1000,,
"01000000168",3612142,AL,Wastewater: Treatment Plant,9960,46086,"36541",Secondary Mechanical,Rehabilitation,0.06,,,
"01000000168",3612142,AL,Wastewater: Collection,9961,46087,"36541",,Expansion,,26400,0,0
"19000823001",1124168,IA,Wastewater: Treatment Plant,6681,28691,"50588",Advanced,Treatment Upgrade,6.45,,,
"19000807001",1234684,IA,Wastewater: Treatment Plant,6641,28577,"51301",Advanced,Treatment Upgrade,3.7,,,
"01000190001",1102021,AL,Wastewater: Treatment Plant,7254,34085,"35186",Secondary Mechanical,Rehabilitation,0.05,,,
"19000024001",1123474,IA,Wastewater: Treatment Plant,4321,19420,"52205",Advanced,Treatment Upgrade,1.25,,,
"19000465001",1123857,IA,Wastewater: Treatment Plant,4355,19464,"52753",Advanced,Treatment Upgrade,1.54,,,
"33000039001",1100935,NH,Wastewater: Collection,5978,25652,"03585",,Rehabilitation,,3000,,
"01000264001",1102094,AL,Wastewater: Collection,6062,26003,"36323",,Rehabilitation,,26400,,
"01000264001",1102094,AL,Wastewater: Treatment Plant,6061,26002,"36323",Secondary Mechanical,New,0.75,,,
"54001301001",1094806,WV,Wastewater: Collection,7585,35809,"24910",,Rehabilitation,,10560,,
"54001301001",1094806,WV,Wastewater: Treatment Plant,7584,35806,"24910",Secondary Mechanical,Replace,0.45,,,
"01000000169",3612172,AL,Wastewater: Collection,7621,35845,"36040",,Rehabilitation,,2640,,
"01000203001",1102042,AL,Wastewater: Collection,6542,27958,"36528",,Rehabilitation,,105600,,
"01000203001",1102042,AL,Wastewater: Treatment Plant,6541,27957,"36528",Secondary Mechanical,New,1.3,,,
"54000000089",3611240,WV,Wastewater: Treatment Plant,6010,25797,"26175",Secondary Mechanical,Treatment Upgrade,0.13,,,
"54000000089",3611240,WV,Wastewater: Collection,6011,25798,"26175",,Rehabilitation,,5280,,
"54000000089",3611240,WV,Wastewater: Collection,6012,25799,"26175",,Rehabilitation,,5280,,
"17000718001",1113992,IL,Wastewater: Treatment Plant,1852,5582,"60185",Advanced,Treatment Upgrade,7.64,,,
"54003802001",1095148,WV,Wastewater: Treatment Plant,7653,35912,"26264",Secondary Mechanical,New,0.17,,,
"54003802001",1095148,WV,Wastewater: Collection,7654,35913,"26264",,Rehabilitation,,5280,,
"01201200003",3539518,AL,Wastewater: Treatment Plant,7623,30912,"35749",Secondary Mechanical,Replace,0.25,,,
"01000272001",1102100,AL,Wastewater: Collection,7222,33514,"35622",,Rehabilitation,,3000,,
"01000272001",1102100,AL,Wastewater: Treatment Plant,7221,33511,"35622",Lagoon,Rehabilitation,0.27,,,
"54002038001",1094913,WV,Wastewater: Treatment Plant,9769,44934,"25313",Secondary Mechanical,New,3,,,
"55002120001",1206284,WI,Wastewater: Treatment Plant,7882,36422,"54843",Advanced,Expansion,0.772,,,
"54001033001",1094786,WV,Wastewater: Collection,7259,34105,"25085",,Rehabilitation,,15840,,
"54001033001",1094786,WV,Wastewater: Collection,7260,34106,"25085",,Replace,,25,5,1.8
"54001033001",1094786,WV,Wastewater: Treatment Plant,7258,34103,"25085",Secondary Mechanical,Rehabilitation,2.5,,,
"54000000090",3611335,WV,Wastewater: Collection,6321,27251,"26836",,Rehabilitation,,108429,,
"54000000090",3611335,WV,Wastewater: Collection,6322,27252,"26836",,Expansion,,52800,2,0.2304
"01000000171",3612253,AL,Wastewater: Treatment Plant,7941,36534,"35223",Secondary Mechanical,Rehabilitation,0.05,,,
"55005480001",1206751,WI,Wastewater: Treatment Plant,7965,36577,"53969",Aerated Lagoon,Rehabilitation,0.1,,,
"01000235001",1102065,AL,Wastewater: Collection,6702,28717,"36726",,Rehabilitation,,10500,,
"01000235001",1102065,AL,Wastewater: Treatment Plant,6701,28714,"36726",Secondary Mechanical,Replace,0.6,,,
"01000298001",1102123,AL,Wastewater: Collection,8142,37105,"36451",,Rehabilitation,,105600,,
"01000109001",1101941,AL,Wastewater: Treatment Plant,8144,37108,"35115",Secondary Mechanical,Expansion,1.5,,,
"01000109001",1101941,AL,Wastewater: Collection,8143,37107,"35115",,Rehabilitation,,47520,,
"01000051001",1101883,AL,Wastewater: Collection,6041,25953,"36024",,New,,3000,2,0.15
"01000000159",3611354,AL,Wastewater: Collection,6562,27968,"36767",,Rehabilitation,,4880,,
"01000000159",3611354,AL,Wastewater: Treatment Plant,6561,27967,"36767",Lagoon,Rehabilitation,0.06,,,
"54001716003",1094852,WV,Wastewater: Collection,6761,29671,"26422",,Rehabilitation,,60000,,
"54001716003",1094852,WV,Wastewater: Collection,6762,29672,"26422",,Replace,,60000,,
"19000894001",1124233,IA,Wastewater: Treatment Plant,6081,26071,"50702",Advanced,Treatment Upgrade,12,,,
"01000036001",1101864,AL,Wastewater: Collection,7142,32980,"36611",,Rehabilitation,,105600,,
"01000036001",1101864,AL,Wastewater: Treatment Plant,7141,32979,"36611",Lagoon,Rehabilitation,1.5,,,
"54004012001",1095174,WV,Wastewater: Collection,7248,34012,"25213",,Rehabilitation,,100000,,
"54004012001",1095174,WV,Wastewater: Treatment Plant,7247,34011,"25213",Secondary Mechanical,Rehabilitation,1,,,
"55004237001",1206606,WI,Wastewater: Collection,8242,37241,"54232",,Rehabilitation,,15594,,
"01000325001",1102142,AL,Wastewater: Treatment Plant,6301,27179,"35983",Secondary Mechanical,Rehabilitation,0.05,,,
"18000201001",1120142,IN,Wastewater: Treatment Plant,6523,27836,"46733",Secondary Mechanical,Rehabilitation,3.25,,,
"18005074001",1120453,IN,Wastewater: Treatment Plant,7541,35421,"47933",Advanced,Expansion,0.26,,,
"54004105001",1095185,WV,Wastewater: Collection,7642,35897,"25801",,Rehabilitation,,158400,,
"54004105001",1095185,WV,Wastewater: Treatment Plant,7641,35896,"25801",Secondary Mechanical,Rehabilitation,3.75,,,
"49000239001",1170578,UT,Wastewater: Treatment Plant,6942,31072,"84055",Advanced,Replace,0.75,,,
"49000239001",1170578,UT,Wastewater: Treatment Plant,6943,31073,"84055",Secondary Mechanical,Treatment Upgrade,0.25,,,
"49000239001",1170578,UT,Wastewater: Collection,6944,31074,"84055",,Rehabilitation,,37000,,
"49000239001",1170578,UT,Wastewater: Collection,6945,31075,"84055",,Rehabilitation,,147000,,
"01000068001",1239397,AL,Wastewater: Collection,7546,35583,"35070",,Rehabilitation,,2640,,
"01000000164",3611654,AL,Wastewater: Treatment Plant,7161,33001,"35057",Secondary Mechanical,Rehabilitation,0.05,,,
"13000000640",3611276,GA,Wastewater: Collection,6141,26168,"31805",,New,,20500,0,0
"54000000091",3611413,WV,Wastewater: Treatment Plant,6601,28071,"25033",Secondary Mechanical,Rehabilitation,0.4,,,
"54000000091",3611413,WV,Wastewater: Collection,6602,28074,"25033",,Replace,,8500,,
"13000161002",1109166,GA,Wastewater: Collection,6801,30294,"30453",,Replace,,4000,,
"54002011001",1094901,WV,Wastewater: Treatment Plant,7561,35749,"25162",Secondary Mechanical,New,1,,,
"54002011001",1094901,WV,Wastewater: Collection,7562,35750,"25162",,Rehabilitation,,14000,,
"01000299001",1102124,AL,Wastewater: Collection,7121,32972,"35563",,Rehabilitation,,10560,,
"01000239001",1102068,AL,Wastewater: Treatment Plant,6941,31052,"35960",Lagoon,Rehabilitation,1,,,
"55003170001",1206453,WI,Wastewater: Collection,7964,36576,"53569",,Replace,,1500,,
"33000162001",1101007,NH,Wastewater: Collection,6182,26475,"03770",,Rehabilitation,,40,,
"33000162001",1101007,NH,Wastewater: Collection,6183,26476,"03770",,Rehabilitation,,300,,
"33000162001",1101007,NH,Wastewater: Treatment Plant,6184,26477,"03770",Aerated Lagoon,Rehabilitation,0.08,,,
"01000000161",3611538,AL,Wastewater: Treatment Plant,6861,30695,"35620",Secondary Mechanical,Replace,0.3,,,
"55001010001",1229154,WI,Wastewater: Collection,7961,36573,"31805",,Rehabilitation,,20500,,
"55001010001",1229154,WI,Wastewater: Collection,7962,36573,"54004",,New,,560,,
"55001010001",1229154,WI,Wastewater: Collection,7963,36574,"54004",,Rehabilitation,,1580,,
"55000275001",1206059,WI,Wastewater: Treatment Plant,7966,36585,"54202",Secondary Mechanical,Rehabilitation,0.3,,,
"55000275001",1206059,WI,Wastewater: Collection,7967,36587,"54202",,New,,10000,1,0.03
"55001190002",1206159,WI,Wastewater: Collection,7942,36559,"54520",,Rehabilitation,,10000,,
"55009910001",1229260,WI,Wastewater: Collection,5975,25641,"54624",,Replace,,800,1,0.064
"55009910001",1229260,WI,Wastewater: Collection,5976,25642,"54624",,Replace,,15000,,
"55009910001",1229260,WI,Wastewater: Treatment Plant,5977,25643,"54624",Advanced,Replace,0.064,,,
"33000025001",1100921,NH,Wastewater: Collection,6524,27936,"03590",,Replace,,250,,
"33000025001",1100921,NH,Wastewater: Treatment Plant,6525,27937,"03590",Secondary Mechanical,Rehabilitation,0.056,,,
"33000025001",1100921,NH,Wastewater: Treatment Plant,6526,27937,"03590",Secondary Mechanical,Rehabilitation,0.056,,,
"54005301001",1239034,WV,Wastewater: Collection,6622,28117,"26143",,Rehabilitation,,10000,,
"54005301001",1239034,WV,Wastewater: Collection,6623,28118,"26143",,New,,1320,2,0.2
"54005301001",1239034,WV,Wastewater: Treatment Plant,6621,28114,"26143",Secondary Mechanical,Treatment Upgrade,0.2,,,
"54001303001",1094807,WV,Wastewater: Collection,7581,35787,"24970",,Rehabilitation,,26400,,
"01000000174",3612579,AL,Wastewater: Collection,8650,40223,"35126",,Rehabilitation,,20000,,
"17007212001",1114317,IL,Wastewater: Treatment Plant,1245,4749,"62960",Advanced,Treatment Upgrade,2.05,,,
"01000070001",1101902,AL,Wastewater: Treatment Plant,8436,38230,"35905",Aerated Lagoon,Rehabilitation,0.45,,,
"01000070001",1101902,AL,Wastewater: Collection,8437,38231,"35905",,Rehabilitation,,66000,,
"55002020001",1206275,WI,Wastewater: Collection,8330,37442,"54941",,Rehabilitation,,300,,
"55002020001",1206275,WI,Wastewater: Treatment Plant,8331,37443,"54941",Advanced,Treatment Upgrade,0.5,,,
"60000001002",1143996,AS,Wastewater: Treatment Plant,9197,43034,"96799",Secondary Mechanical,Treatment Upgrade,3,,,
"60000001001",1143995,AS,Wastewater: Treatment Plant,9219,43040,"96799",Secondary Mechanical,Treatment Upgrade,2.2,,,
"54000504003",3231428,WV,Wastewater: Collection,8787,41214,"26070",,Rehabilitation,,5280,,
"18004454001",1120363,IN,Wastewater: Treatment Plant,8413,37907,"47952",Advanced,Expansion,0.138,,,
"54005209001",1095299,WV,Wastewater: Treatment Plant,9044,41880,"26419",Secondary Mechanical,New,0.082,,,
"54005209001",1095299,WV,Wastewater: Collection,9045,41882,"26419",,Rehabilitation,,8000,,
"54001501001",1094826,WV,Wastewater: Treatment Plant,5961,25495,"26034",Disinfection Only,Treatment Upgrade/ Ultraviolet (UV),0.45,,,
"54004120001",1095199,WV,Wastewater: Collection,9173,42881,"25818",,Rehabilitation,,5280,,
"54004120001",1095199,WV,Wastewater: Treatment Plant,9172,42879,"25818",Secondary Mechanical,Rehabilitation,1.17,,,
"17000000021",3607394,IL,Wastewater: Treatment Plant,1091,4522,"62832",Advanced,Treatment Upgrade,2.4,,,
"01000124001",1101955,AL,Wastewater: Collection,8438,38246,"35579",,Rehabilitation,,52800,,
"01000000173",3612578,AL,Wastewater: Collection,8651,40224,"35036",,Rehabilitation,,20000,,
"13000000577",3610523,GA,Wastewater: Collection,4810,21720,"30184",,Replace,,13650,,
"54003880200",483542,WV,Wastewater: Treatment Plant,9052,41925,"26291",Secondary Mechanical,Rehabilitation,0.75,,,
"54003880200",483542,WV,Wastewater: Collection,9053,41926,"26291",,Rehabilitation,,26400,,
"54000316001",1094721,WV,Wastewater: Treatment Plant,4764,21605,"25053",Secondary Mechanical,Expansion,0.75,,,
"54000506001",3516856,WV,Wastewater: Treatment Plant,8783,41205,"26070",Secondary Mechanical,New,0.2,,,
"54000506001",3516856,WV,Wastewater: Collection,8784,41206,"26070",,Rehabilitation,,5280,,
"17000729001",1114009,IL,Wastewater: Treatment Plant,1426,4880,"60446",Advanced,Treatment Upgrade,8.5,,,
"18000000034",3606628,IN,Wastewater: Treatment Plant,8361,37595,"46307",Advanced,Expansion,1.6,,,
"54005199001",1095291,WV,Wastewater: Collection,9574,44306,"26208",,Rehabilitation,,21120,,
"54000504002",1094736,WV,Wastewater: Collection,8785,41209,"26070",,Rehabilitation,,5280,,
"18005411001",1120493,IN,Wastewater: Collection,4881,22154,"47041",,Rehabilitation,,1200,,
"54003501001",1095128,WV,Wastewater: Collection,8801,41264,"26003",,Rehabilitation,,26400,,
"54001504001",1094831,WV,Wastewater: Treatment Plant,9250,43586,"26047",Secondary Mechanical,Rehabilitation,0.18,,,
"54001504001",1094831,WV,Wastewater: Collection,9251,43588,"26047",,Rehabilitation,,4000,,
"01000406001",1102215,AL,Wastewater: Treatment Plant,9264,43668,"36276",Aerated Lagoon,Rehabilitation,0.15,,,
"54003413001",1095123,WV,Wastewater: Collection,8803,41283,"26205",,Rehabilitation,,21120,,
"54003413001",1095123,WV,Wastewater: Treatment Plant,8802,41282,"26205",Secondary Mechanical,Replace,0.294,,,
"54002502001",1094987,WV,Wastewater: Collection,8804,41321,"26038",,Rehabilitation,,4000,,
"54004703001",1095259,WV,Wastewater: Collection,8805,41335,"26271",,Rehabilitation,,5280,,
"01000332001",1102149,AL,Wastewater: Treatment Plant,9677,44624,"36912",Aerated Lagoon,Rehabilitation,0.096,,,
"53000935001",1180868,WA,Wastewater: Collection,9083,42251,"98844",,Replace,,15000,,
"19000891001",1124231,IA,Wastewater: Collection,9223,43191,"52653",,Rehabilitation,,15028,,
"19000891001",1124231,IA,Wastewater: Treatment Plant,9224,43192,"52653",Disinfection Only,Treatment Upgrade/ Ultraviolet (UV),1.06,,,
"19000891001",1124231,IA,Wastewater: Treatment Plant,9225,43192,"52653",Aerated Lagoon,Rehabilitation,1.06,,,
"01000292001",1102119,AL,Wastewater: Treatment Plant,9564,44288,"35466",Secondary Mechanical,Rehabilitation,0.271,,,
"01000292001",1102119,AL,Wastewater: Collection,9566,44290,"35466",,Replace,,7920,,
"54004602001",1239030,WV,Wastewater: Treatment Plant,9244,43444,"26354",Secondary Mechanical,Treatment Upgrade,2.5,,,
"54002919001",1095049,WV,Wastewater: Collection,9002,41588,"25674",,Rehabilitation,,5280,,
"54002919001",1095049,WV,Wastewater: Treatment Plant,9001,41587,"25674",Secondary Mechanical,Rehabilitation,0.05,,,
"54003505001",1095132,WV,Wastewater: Collection,9281,43696,"26059",,Rehabilitation,,5280,,
"13000530001",1109329,GA,Wastewater: Collection,9956,45996,"30512",,Rehabilitation,,27000,,
"13000530001",1109329,GA,Wastewater: Treatment Plant,9955,45995,"30512",Advanced,Expansion,2,,,
"28000335001",1160266,MS,Wastewater: Collection,9148,42395,"39044",,Rehabilitation,,5000,,
"28000335001",1160266,MS,Wastewater: Treatment Plant,9116,42391,"39044",Aerated Lagoon,Rehabilitation,0.25,,,
"28000335001",1160266,MS,Wastewater: Collection,9149,42404,"39044",,Rehabilitation,,5000,,
"54001713001",1094850,WV,Wastewater: Collection,9481,44141,"26301",,Rehabilitation,,15840,,
"54001304001",1094808,WV,Wastewater: Collection,7583,35799,"25962",,Rehabilitation,,26400,,
"01000158001",1101990,AL,Wastewater: Treatment Plant,8705,40833,"35907",Secondary Mechanical,Rehabilitation,0.6,,,
"54005203001",3536376,WV,Wastewater: Collection,9283,43700,"26159",,Rehabilitation,,50000,,
"54005203001",3536376,WV,Wastewater: Treatment Plant,9282,43699,"26159",Secondary Mechanical,Treatment Upgrade,1,,,
"01000412001",1102221,AL,Wastewater: Treatment Plant,8621,39936,"35776",Secondary Mechanical,Rehabilitation,0.05,,,
"01000169001",1102004,AL,Wastewater: Collection,10083,47562,"36078",,Rehabilitation,,79200,,
"54001039001",1094788,WV,Wastewater: Collection,10001,46553,"25118",,Rehabilitation,,2500,,
"01000121001",1101953,AL,Wastewater: Collection,10181,49442,"35760",,Replace,,158400,,
"01000128002",1101960,AL,Wastewater: Treatment Plant,9812,45135,"36467",Secondary Mechanical,Rehabilitation,1.2,,,
"01000128002",1101960,AL,Wastewater: Collection,9813,45136,"36467",,Rehabilitation,,122000,,
"21000258001",1139683,KY,Wastewater: Collection,10202,49718,"40336",,Replace,,3600,,
"21000258001",1139683,KY,Wastewater: Collection,10203,49718,"40336",,Replace,,1800,,
"21000258001",1139683,KY,Wastewater: Collection,10201,49708,"40336",,Expansion,,1700,0,0
"55002640001",1229194,WI,Wastewater: Treatment Plant,9994,46522,"53554",Advanced,Treatment Upgrade,0.1,,,
"23000113001",1142552,ME,Wastewater: Collection,10582,51677,"04843",,Replace,,66000,,
"23000113001",1142552,ME,Wastewater: Collection,10583,51678,"04843",,Expansion,,12100,0,0
"55001370001",1229165,WI,Wastewater: Collection,10163,49255,"54425",,Replace,,1600,,
"55001370001",1229165,WI,Wastewater: Collection,10165,49255,"54425",,Rehabilitation,,1600,,
"55001370001",1229165,WI,Wastewater: Treatment Plant,10166,49256,"54425",Advanced,Treatment Upgrade,0.128,,,
"02000109001",1104793,AK,Wastewater: Treatment Plant,10882,55862,"99615",Secondary Mechanical,Rehabilitation,3.7,,,
"02000109001",1104793,AK,Wastewater: Collection,10096,47673,"99615",,New,,0,1,0.3
"01000000184",3613928,AL,Wastewater: Treatment Plant,10441,50784,"36916",Aerated Lagoon,Rehabilitation,0.095,,,
"01201200005",3540236,AL,Wastewater: Treatment Plant,10266,49883,"36561",Secondary Mechanical,Rehabilitation,8,,,
"01000000182",3613604,AL,Wastewater: Treatment Plant,10162,49177,"36560",Secondary Mechanical,Rehabilitation,0.095,,,
"13000000584",3610589,GA,Wastewater: Collection,9296,43801,"31202",,Rehabilitation,,19305,,
"01000770001",1239407,AL,Wastewater: Treatment Plant,10002,46560,"35953",Secondary Mechanical,Rehabilitation,0.05,,,
"17000161002",1113441,IL,Wastewater: Treatment Plant,1041,4423,"60101",Advanced,Treatment Upgrade,5.3,,,
"01000000181",3613357,AL,Wastewater: Treatment Plant,10081,47512,"36043",Lagoon,Rehabilitation,0.01,,,
"01000000181",3613357,AL,Wastewater: Collection,10082,47516,"36043",,Rehabilitation,,2500,,
"54003509001",1095137,WV,Wastewater: Collection,10025,46769,"26003",,Rehabilitation,,700,,
"55002860001",1206395,WI,Wastewater: Treatment Plant,9844,45418,"53946",Advanced,Replace,0.35,,,
"55000720001",1206109,WI,Wastewater: Treatment Plant,10003,46613,"53522",Advanced,Rehabilitation,0.0425,,,
"49000089001",1170440,UT,Wastewater: Collection,5945,25478,"84021",,Rehabilitation,,100320,,
"23000191001",1142615,ME,Wastewater: Collection,10843,53935,"04649",,New,,10560,0,0
"23000191001",1142615,ME,Wastewater: Treatment Plant,10842,53932,"04649",Secondary Mechanical,New,0.07,,,
"01000094001",1101928,AL,Wastewater: Treatment Plant,10781,53162,"36863",Secondary Mechanical,Rehabilitation,2.5,,,
"01000094001",1101928,AL,Wastewater: Collection,10782,53163,"36863",,Replace,,195000,,
"01000103001",1101935,AL,Wastewater: Treatment Plant,8208,37182,"35112",Secondary Mechanical,Expansion,0.5,,,
"01000128003",1101961,AL,Wastewater: Collection,9805,45103,"36467",,Replace,,122000,,
"01000128003",1101961,AL,Wastewater: Treatment Plant,9804,45102,"36467",Secondary Mechanical,Rehabilitation,0.4,,,
"19000872001",1124214,IA,Wastewater: Treatment Plant,4215,18982,"52346",Advanced,Treatment Upgrade,0.387,,,
"47001180001",1166180,TN,Wastewater: Treatment Plant,8578,39106,"38080",Aerated Lagoon,Rehabilitation,0.2,,,
"54001015001",1094770,WV,Wastewater: Treatment Plant,7649,35907,"25880",Secondary Mechanical,New,0.5,,,
"54001015001",1094770,WV,Wastewater: Collection,7650,35908,"25880",,Rehabilitation,,42240,,
"54002416001",3007363,WV,Wastewater: Collection,4021,18324,"26554",,Rehabilitation,,30000,,
"54002416001",3007363,WV,Wastewater: Collection,4022,18325,"26554",,Rehabilitation,,30000,,
"54003310001",1095102,WV,Wastewater: Treatment Plant,6221,27131,"24892",Secondary Mechanical,Rehabilitation,0.135,,,
"54003310001",1095102,WV,Wastewater: Collection,6222,27132,"24892",,Rehabilitation,,5280,,
"54003404001",1095117,WV,Wastewater: Collection,6008,25795,"26651",,Rehabilitation,,5280,,
"54003404001",1095117,WV,Wastewater: Treatment Plant,6007,25794,"26651",Secondary Mechanical,Treatment Upgrade,2,,,
"54003799001",1095147,WV,Wastewater: Treatment Plant,9117,42419,"26134",Secondary Mechanical,Rehabilitation,0.16,,,
"54003799001",1095147,WV,Wastewater: Collection,9119,42420,"26134",,Rehabilitation,,5280,,
"38000345001",1151581,ND,Wastewater: Collection,3916,9556,"58075",,Replace,,3165,,
"38000345001",1151581,ND,Wastewater: Treatment Plant,3917,9557,"58075",Aerated Lagoon,Rehabilitation,1.17,,,
"38000345001",1151581,ND,Wastewater: Collection,3918,9559,"58075",,New,,8900,1,0.5
"38000345001",1151581,ND,Wastewater: Collection,3915,9555,"58075",,Rehabilitation,,2660,,
