"CWNS_ID","FACILITY_ID","STATE_CODE","INFRASTRUCTURE_TYPE","POPULATION_TYPE","RESIDENTIAL_POP_2022","RESIDENTIAL_POP_2042","NONRESIDENTIAL_POP_2022","NONRESIDENTIAL_POP_2042","TOTAL_RES_POPULATION_2022","TOTAL_RES_POPULATION_2042","TOTAL_NONRES_POPULATION_2022","TOTAL_NONRES_POPULATION_2042","TREATED_DISCHARGE_PERCENTAGE_2022","TREATED_DISCHARGE_PERCENTAGE_2042","NET_TREATED_POPULATION_2022","NET_TREATED_POPULATION_2042","NO_DISCHARGE_PERCENTAGE_2022","NO_DISCHARGE_PERCENTAGE_2042","NO_DISCHARGE_POPULATION_2022","NO_DISCHARGE_POPULATION_2042","PART_OF_SEWERSHED","END_FACILITY"
"06006012501",3533076,"CA","Wastewater","Receiving Collection",66389,68272,,,66389,68272,0,0,0,0,0,0,,,,,"Y",""
"06008010003",1175961,"CA","Wastewater","Receiving Collection",0,0,0,0,787123,995980,0,0,0,0,0,0,,,,,"Y",""
"06005009001",1175529,"CA","Wastewater","Receiving Collection",0,0,,,1771809,2059924,0,0,1,1,1771809,2059924,0,0.5,0,885905,"Y","Y"
"06000000065",3606861,"CA","Wastewater","Receiving Collection",0,0,0,0,204525,220718,0,0,1,1,204525,220718,0.5,0.5,102263,102263,"Y","Y"
"06001030001",1175198,"CA","Wastewater","Receiving Collection",11521,11521,,,11521,11521,0,0,0,0,0,0,,,,,"Y",""
"06002041001",1175299,"CA","Wastewater","Receiving Collection",0,0,0,0,1389338,1807956,47628,47628,1,1,1389338,1807956,0.1,0.1,138934,138934,"Y","Y"
"06002155001",1175365,"CA","Wastewater","Receiving Collection",26100,26100,,,26100,26100,0,0,1,1,26100,26100,,,,,"","Y"
"06003049001",1175417,"CA","Wastewater","Receiving Collection",31500,38209,,,31500,38209,0,0,1,1,31500,38209,1,1,31500,31500,"","Y"
"06003072001",1175440,"CA","Wastewater","Receiving Collection",6767,6767,,,6767,6767,0,0,1,1,6767,6767,1,1,6767,6767,"","Y"
"06005145001",1175665,"CA","Wastewater","Receiving Collection",4590,5101,,,4590,5101,0,0,1,1,4590,5101,1,1,4590,4590,"","Y"
"06007022001",1175930,"CA","Wastewater","Receiving Collection",42320,42320,,,42320,42320,0,0,1,1,42320,42320,,,,,"","Y"
"06008044001",1175998,"CA","Wastewater","Receiving Collection",45559,50038,,,45559,50038,0,0,0,0,0,0,,,,,"Y",""
"06005033001",1238815,"CA","Wastewater","Receiving Collection",4590,5330,,,4590,5330,0,0,1,1,4590,5330,,,,,"","Y"
"06005244001",1175730,"CA","Wastewater","Receiving Collection",23751,25776,,,23751,25776,0,0,1,1,23751,25776,,,,,"","Y"
"06007025001",1175933,"CA","Wastewater","Receiving Collection",68400,105300,,,68400,105300,0,0,1,1,68400,105300,,,,,"","Y"
"06008043001",1175997,"CA","Wastewater","Receiving Collection",1284,1284,,,1284,1284,0,0,0,0,0,0,,,,,"Y",""
"06009007001",1176038,"CA","Wastewater","Receiving Collection",241901,315000,,,241901,315000,0,0,0,0,0,0,,,,,"Y",""
"06006001003",3483576,"CA","Wastewater","Receiving Collection",11800,11800,,,11800,11800,0,0,0,0,0,0,,,,,"Y",""
"06002090001",3521216,"CA","Wastewater","Receiving Collection",39600,39600,,,39600,39600,0,0,1,1,39600,39600,,,,,"","Y"
"06000000114",3608100,"CA","Wastewater","Receiving Collection",0,0,0,0,0,0,0,0,1,1,0,0,,,,,"Y","Y"
"06001045001",1175209,"CA","Wastewater","Receiving Collection",198000,299700,,,262365,368674,0,0,1,1,262365,368674,0.75,0.75,196774,196774,"Y","Y"
"06000000195",3609479,"CA","Wastewater","Receiving Collection",0,0,0,0,0,21600,0,0,1,1,0,21600,0,1,0,0,"Y","Y"
"06000000214",3610513,"CA","Wastewater","Receiving Collection",44100,45000,,,44100,45000,0,0,0,0,0,0,,,,,"Y",""
"06001015001",1175184,"CA","Wastewater","Receiving Collection",15210,17348,,,15210,17348,0,0,1,1,15210,17348,,,,,"","Y"
"06001041001",1175206,"CA","Wastewater","Receiving Collection",5831,4327,,,11771,8647,0,0,1,1,11771,8647,,,,,"Y","Y"
"06002012001",1175273,"CA","Wastewater","Receiving Collection",61650,69300,0,0,164714,209393,0,0,1,1,164714,209393,0.05,0.05,8236,8236,"Y","Y"
"06002025001",1175283,"CA","Wastewater","Receiving Collection",440083,440083,,,552952,559174,0,0,1,1,552952,559174,0.1,0.1,55295,55295,"Y","Y"
"06002049001",1175309,"CA","Wastewater","Receiving Collection",5239,5239,,,5239,5239,0,0,0,0,0,0,,,,,"Y",""
"06002056001",1175312,"CA","Wastewater","Receiving Collection",3726,3726,,,3726,3726,0,0,0,0,0,0,,,,,"Y",""
"06002063002",1175323,"CA","Wastewater","Receiving Collection",387,387,,,387,387,0,0,1,1,387,387,,,,,"","Y"
"06001020001",1175189,"CA","Wastewater","Receiving Collection",2790,2790,,,2790,2790,0,0,1,1,2790,2790,0.5,0.5,1395,1395,"","Y"
"06001035001",1175201,"CA","Wastewater","Receiving Collection",7920,7920,,,7920,7920,0,0,1,1,7920,7920,1,1,7920,7920,"","Y"
"06003044001",1175412,"CA","Wastewater","Receiving Collection",49363,52200,,,58713,61152,0,0,1,1,58713,61152,0.63,0.63,36989,36989,"Y","Y"
"06003115001",1175455,"CA","Wastewater","Receiving Collection",4500,5285,,,4500,5285,0,0,1,1,4500,5285,1,1,4500,4500,"","Y"
"06003009001",1175378,"CA","Wastewater","Receiving Collection",24994,24994,,,24994,24994,0,0,1,1,24994,24994,1,1,24994,24994,"","Y"
"06003068001",1175436,"CA","Wastewater","Receiving Collection",504,544,,,504,544,0,0,1,1,504,544,,,,,"","Y"
"06004010005",1175495,"CA","Wastewater","Receiving Collection",3643825,3643825,423360,423360,3643825,3643825,423360,423360,0,0,0,0,,,,,"Y",""
"06005022001",1175543,"CA","Wastewater","Receiving Collection",7830,7830,,,7830,7830,0,0,1,1,7830,7830,1,1,7830,7830,"","Y"
"06005100001",1175620,"CA","Wastewater","Receiving Collection",181,221,,,181,221,0,0,0,0,0,0,,,,,"Y",""
"06005243001",1175729,"CA","Wastewater","Receiving Collection",3819,3578,,,3819,3578,0,0,1,1,3819,3578,,,,,"","Y"
"06005299001",1175755,"CA","Wastewater","Receiving Collection",2201,3349,,,2201,3349,0,0,1,1,2201,3349,1,1,2201,2201,"","Y"
"06000000078",3607384,"CA","Wastewater","Receiving Collection",132360,135315,,,132360,135315,0,0,0,0,0,0,,,,,"Y",""
"06000000082",3607552,"CA","Wastewater","Receiving Collection",117000,135000,,,117000,135000,0,0,1,1,117000,135000,1,1,117000,117000,"","Y"
"06008010001",1175959,"CA","Wastewater","Receiving Collection",0,0,0,0,409304,517910,0,0,1,1,409304,517910,0.4,0.4,163722,163722,"Y","Y"
"06000000092",3607832,"CA","Wastewater","Receiving Collection",30861,26387,,,30861,26387,0,0,0,0,0,0,,,,,"Y",""
"06008022002",1175977,"CA","Wastewater","Receiving Collection",,,,,983054,1053585,529,529,1,1,983054,1053585,,,,,"Y","Y"
"06009011001",1176042,"CA","Wastewater","Receiving Collection",0,0,0,0,363144,392864,0,0,0.9,0.9,326830,353578,,,,,"Y",""
"06009028001",1176063,"CA","Wastewater","Receiving Collection",0,0,0,0,20479,20475,423,423,1,1,20479,20475,,,,,"Y","Y"
"06000000104",3607926,"CA","Wastewater","Receiving Collection",396581,504053,,,396581,504053,0,0,0,0,0,0,,,,,"Y",""
"06000000105",3607961,"CA","Wastewater","Receiving Collection",0,0,0,0,403461,376419,0,0,1,1,403461,376419,,,,,"Y","Y"
"06000000106",3607985,"CA","Wastewater","Receiving Collection",54000,63000,,,54000,63000,0,0,0,0,0,0,,,,,"Y",""
"06000000112",3608022,"CA","Wastewater","Receiving Collection",22500,27000,,,22500,27000,0,0,0,0,0,0,,,,,"Y",""
"06000000121",3608175,"CA","Wastewater","Receiving Collection",209610,252270,,,209610,252270,0,0,0,0,0,0,,,,,"Y",""
"06000000132",3608439,"CA","Wastewater","Receiving Collection",0,0,0,0,0,1356,0,0,1,1,0,1356,0,1,0,0,"Y","Y"
"06000000131",3608421,"CA","Wastewater","Receiving Collection",9822,9822,,,9822,9822,0,0,0,0,0,0,,,,,"Y",""
"06000000140",3608711,"CA","Wastewater","Receiving Collection",23400,27881,,,23400,27881,0,0,1,1,23400,27881,1,1,23400,23400,"","Y"
"06000000161",3609019,"CA","Wastewater","Receiving Collection",59400,67500,,,59400,67500,0,0,0,0,0,0,,,,,"Y",""
"06000000154",3608935,"CA","Wastewater","Receiving Collection",0,25457,,,0,25457,0,0,1,1,0,25457,0,1,0,0,"","Y"
"06000000174",3609167,"CA","Wastewater","Receiving Collection",53150,69120,,,53150,69120,0,0,1,1,53150,69120,1,1,53150,53150,"","Y"
"06000000177",3609215,"CA","Wastewater","Receiving Collection",44802,46800,,,44802,46800,0,0,0,0,0,0,,,,,"Y",""
"06000000181",3609275,"CA","Wastewater","Receiving Collection",30814,42494,,,30814,42494,0,0,1,1,30814,42494,,,,,"","Y"
"06000000183",3609283,"CA","Wastewater","Receiving Collection",75600,80100,,,75600,80100,0,0,0,0,0,0,,,,,"Y",""
"06009065001",2948926,"CA","Wastewater","Receiving Collection",333,333,,,333,333,0,0,1,1,333,333,1,1,333,333,"","Y"
"06004009014",3482611,"CA","Wastewater","Receiving Collection",1519,1654,,,1519,1654,0,0,1,1,1519,1654,1,1,1519,1519,"","Y"
"06005010002",1175531,"CA","Wastewater","Receiving Collection",134311,134311,,,134311,134311,0,0,1,1,134311,134311,1,1,134311,134311,"","Y"
"06005060003",1175581,"CA","Wastewater","Receiving Collection",2006,2228,3986,3986,2006,2228,3986,3986,0,0,0,0,,,,,"Y",""
"06005118001",1175649,"CA","Wastewater","Receiving Collection",1429,1429,741,741,1429,1429,741,741,1,1,1429,1429,1,1,1429,1429,"","Y"
"06005233001",1175721,"CA","Wastewater","Receiving Collection",1566,1566,,,1566,1566,0,0,1,1,1566,1566,,,,,"","Y"
"06005239001",1175726,"CA","Wastewater","Receiving Collection",103762,131580,,,103762,131580,0,0,0,0,0,0,,,,,"Y",""
"06005240001",1175727,"CA","Wastewater","Receiving Collection",2424,2424,,,2560,2452,0,0,1,1,2560,2452,1,1,2560,2560,"Y","Y"
"06005325001",1175771,"CA","Wastewater","Receiving Collection",7490,9489,,,7490,9489,0,0,1,1,7490,9489,1,1,7490,7490,"","Y"
"06008002001",1175946,"CA","Wastewater","Receiving Collection",76729,81145,,,76729,81145,0,0,0,0,0,0,,,,,"Y",""
"06001037001",1175203,"CA","Wastewater","Receiving Collection",38908,42408,,,38908,42408,0,0,0,0,0,0,,,,,"Y",""
"06002032002",1175288,"CA","Wastewater","Receiving Collection",0,0,,,0,0,0,0,1,1,0,0,,,,,"Y","Y"
"06002038001",1175296,"CA","Wastewater","Receiving Collection",131400,205948,,,131400,205948,0,0,1,1,131400,205948,0.05,0.05,6570,6570,"","Y"
"06003050001",1175418,"CA","Wastewater","Receiving Collection",47745,47745,,,53937,54464,0,0,1,1,53937,54464,,,,,"Y","Y"
"06005006001",1175527,"CA","Wastewater","Receiving Collection",5312,6390,21,21,5312,6390,21,21,1,1,5312,6390,1,1,5312,5312,"","Y"
"06005357001",1175790,"CA","Wastewater","Receiving Collection",3408,3408,,,3408,3408,0,0,1,1,3408,3408,1,1,3408,3408,"","Y"
"06009031001",1176066,"CA","Wastewater","Receiving Collection",0,0,,,2222389,2509018,0,0,1,1,2222389,2509018,,,,,"Y","Y"
"06009074001",1176093,"CA","Wastewater","Receiving Collection",45676,90142,,,45676,90142,0,0,1,1,45676,90142,1,1,45676,45676,"","Y"
"06005234001",1238821,"CA","Wastewater","Receiving Collection",59400,90000,,,59400,90000,0,0,1,1,59400,90000,0.15,0.15,8910,8910,"","Y"
"06000000096",3607867,"CA","Wastewater","Receiving Collection",31500,27482,,,31500,27482,0,0,0,0,0,0,,,,,"Y",""
"06000000126",3608299,"CA","Wastewater","Receiving Collection",36000,37095,,,36000,37095,0,0,0,0,0,0,,,,,"Y",""
"06008004001",1175948,"CA","Wastewater","Receiving Collection",0,0,0,0,343107,310996,0,0,0,0,0,0,,,,,"Y",""
"06000000301",3612652,"CA","Wastewater","Receiving Collection",0,495,,,0,495,0,0,1,1,0,495,,,,,"","Y"
"06000000302",3612659,"CA","Wastewater","Receiving Collection",630,666,,,630,666,0,0,1,1,630,666,,,,,"","Y"
"06000000089",3607790,"CA","Wastewater","Receiving Collection",0,0,0,0,966263,990073,0,0,1,1,966263,990073,1,1,966263,966263,"Y","Y"
"06004010001",1175491,"CA","Wastewater","Receiving Collection",0,0,0,0,2800773,2799860,343287,343287,1,1,2800773,2799860,0,1,0,2800773,"Y","Y"
"06000000100",3607879,"CA","Wastewater","Receiving Collection",14400,14400,,,14400,14400,0,0,0,0,0,0,,,,,"Y",""
"06000000155",3608951,"CA","Wastewater","Receiving Collection",54537,55800,,,54537,55800,0,0,0,0,0,0,,,,,"Y",""
"06000000184",3609284,"CA","Wastewater","Receiving Collection",93600,96300,,,93600,96300,0,0,0,0,0,0,,,,,"Y",""
"06007770001",3522264,"CA","Wastewater","Receiving Collection",15829,15829,,,15829,15829,0,0,1,1,15829,15829,1,1,15829,15829,"","Y"
"06000000313",3613126,"CA","Wastewater","Receiving Collection",0,0,0,0,0,3048,0,0,1,1,0,3048,0,1,0,0,"Y","Y"
"06000000103",3607909,"CA","Wastewater","Receiving Collection",2070000,2327675,,,2124187,2381862,0,0,0,0,0,0,,,,,"Y",""
"06000000122",3608176,"CA","Wastewater","Receiving Collection",0,0,0,0,10481,12614,0,0,1,1,10481,12614,1,1,10481,10481,"Y","Y"
"06000000124",3608283,"CA","Wastewater","Receiving Collection",0,0,0,0,41365,45204,0,0,1,0.97,41365,43848,1,0.97,41365,40124,"Y",""
"06000000125",3608290,"CA","Wastewater","Receiving Collection",22500,22500,,,22500,22500,0,0,0,0,0,0,,,,,"Y",""
"06000000087",3607695,"CA","Wastewater","Receiving Collection",38160,40759,,,38160,40759,0,0,0,0,0,0,,,,,"Y",""
"06000000133",3608440,"CA","Wastewater","Receiving Collection",85500,88200,,,85500,88200,0,0,0,0,0,0,,,,,"Y",""
"06000000305",3612766,"CA","Wastewater","Receiving Collection",90000,93108,,,90000,93108,0,0,1,1,90000,93108,0.2,0.2,18000,18000,"","Y"
"06000000300",3612651,"CA","Wastewater","Receiving Collection",406,495,,,406,495,0,0,1,1,406,495,1,1,406,406,"","Y"
"06000000306",3612787,"CA","Wastewater","Receiving Collection",10800,18000,,,10800,18000,0,0,0,0,0,0,,,,,"Y",""
"06004040001",1175518,"CA","Wastewater","Receiving Collection",0,0,0,0,15559,16540,0,0,1,1,15559,16540,1,1,15559,15559,"Y","Y"
"06001026001",1175194,"CA","Wastewater","Receiving Collection",1000,1148,,,1000,1148,0,0,1,1,1000,1148,1,1,1000,1000,"","Y"
"06001045003",1175211,"CA","Wastewater","Receiving Collection",4091,4992,,,4091,4992,0,0,1,1,4091,4992,1,1,4091,4091,"","Y"
"06002166001",1175369,"CA","Wastewater","Receiving Collection",210,210,,,210,210,0,0,1,1,210,210,1,1,210,210,"","Y"
"06005085001",1175606,"CA","Wastewater","Receiving Collection",9254,14300,,,9254,14300,0,0,0,0,0,0,,,,,"Y",""
"06005146001",1175666,"CA","Wastewater","Receiving Collection",66503,66503,9467,9467,67537,67537,9467,9467,1,1,67537,67537,,,,,"Y","Y"
"06005358001",1175791,"CA","Wastewater","Receiving Collection",1299,1299,,,1299,1299,0,0,0,0,0,0,,,,,"Y",""
"06007030001",1175937,"CA","Wastewater","Receiving Collection",4462,4626,0,0,4462,4626,0,0,1,1,4462,4626,1,1,4462,4462,"","Y"
"06008006006",1175954,"CA","Wastewater","Receiving Collection",235290,405230,,,235290,405230,0,0,1,1,235290,405230,0.6,0.6,141174,141174,"","Y"
"06008020002",1175974,"CA","Wastewater","Receiving Collection",50486,50486,,,50486,50486,0,0,1,1,50486,50486,1,1,50486,50486,"","Y"
"06008067001",1176013,"CA","Wastewater","Receiving Collection",76710,76710,,,76710,76710,0,0,0,0,0,0,,,,,"Y",""
"06009033001",1176072,"CA","Wastewater","Receiving Collection",21600,22168,5292,5292,21600,22168,5292,5292,0,0,0,0,,,,,"Y",""
"06009047001",1176085,"CA","Wastewater","Receiving Collection",17550,17306,,,17550,17306,0,0,0,0,0,0,,,,,"Y",""
"06003017001",1238812,"CA","Wastewater","Receiving Collection",16194,16194,6350,6350,19917,20147,6350,6350,1,1,19917,20147,0.4,0.4,7967,7967,"Y","Y"
"06005511004",3477631,"CA","Wastewater","Receiving Collection",284,382,,,284,382,0,0,1,1,284,382,1,1,284,284,"","Y"
"06005044001",1175564,"CA","Wastewater","Receiving Collection",5132,6300,,,5132,6300,0,0,0,0,0,0,,,,,"Y",""
"06005088002",1175609,"CA","Wastewater","Receiving Collection",28577,44160,,,48631,76460,0,0,1,1,48631,76460,0.1,0.1,4863,4863,"Y","Y"
"06005106001",1175638,"CA","Wastewater","Receiving Collection",28800,36000,,,38736,47990,0,0,1,1,38736,47990,1,1,38736,38736,"Y","Y"
"06000000296",3612541,"CA","Wastewater","Receiving Collection",84,102,,,84,102,0,0,1,1,84,102,1,1,84,84,"","Y"
"06008038001",1175992,"CA","Wastewater","Receiving Collection",0,0,0,0,36124,36124,0,0,0,0,0,0,,,,,"Y",""
"06000000295",3612367,"CA","Wastewater","Receiving Collection",6906,7110,,,6906,7110,0,0,1,1,6906,7110,,,,,"","Y"
"06000000090",3607791,"CA","Wastewater","Receiving Collection",0,0,0,0,42473,43520,0,0,1,1,42473,43520,1,1,42473,42473,"Y","Y"
"06006008001",1175861,"CA","Wastewater","Receiving Collection",24756,31177,,,51159,57899,26386,26386,1,1,51159,57899,1,1,51159,51159,"Y","Y"
"06000000157",3608995,"CA","Wastewater","Receiving Collection",49500,70200,,,49500,70200,0,0,0,0,0,0,,,,,"Y",""
"06000000083",3607553,"CA","Wastewater","Receiving Collection",56700,63000,,,56700,63000,0,0,1,1,56700,63000,0,0.25,0,14175,"","Y"
"06000000098",3607877,"CA","Wastewater","Receiving Collection",0,0,0,0,14400,14400,0,0,1,1,14400,14400,,,,,"Y","Y"
"06000000099",3607878,"CA","Wastewater","Receiving Collection",0,0,0,0,7200,7200,0,0,0,0,0,0,,,,,"Y",""
"06000000170",3609134,"CA","Wastewater","Receiving Collection",72000,79200,,,72000,79200,0,0,0,0,0,0,,,,,"Y",""
"06000000173",3609157,"CA","Wastewater","Receiving Collection",36097,36097,,,36097,36097,0,0,0,0,0,0,,,,,"Y",""
"06004032001",1175516,"CA","Wastewater","Receiving Collection",99473,99473,14818,14818,99473,99473,14818,14818,0.95,0.95,94499,94499,0.35,0.35,33075,33075,"Y",""
"06005024001",1175545,"CA","Wastewater","Receiving Collection",8357,8240,,,8357,8240,0,0,1,1,8357,8240,,,,,"","Y"
"06005257001",1175740,"CA","Wastewater","Receiving Collection",16927,19078,,,16927,19078,0,0,1,1,16927,19078,0.36,0.36,6094,6094,"","Y"
"06008006002",1175951,"CA","Wastewater","Receiving Collection",176467,303923,,,176467,303923,0,0,1,1,176467,303923,0.6,0.6,105880,105880,"","Y"
"06001049001",1175215,"CA","Wastewater","Receiving Collection",95,95,,,95,95,0,0,1,1,95,95,0.42,0.42,40,40,"","Y"
"06002092001",1175344,"CA","Wastewater","Receiving Collection",615,615,254,254,615,615,254,254,1,1,615,615,1,1,615,615,"","Y"
"06002152001",1175364,"CA","Wastewater","Receiving Collection",1080,1382,,,1080,1382,0,0,0,0,0,0,,,,,"Y",""
"06004009005",1175481,"CA","Wastewater","Receiving Collection",310202,352447,,,523851,582847,0,0,1,1,523851,582847,0.4,0.4,209540,209540,"Y","Y"
"06005068001",1175588,"CA","Wastewater","Receiving Collection",22773,27080,,,22773,27080,0,0,1,1,22773,27080,1,1,22773,22773,"","Y"
"06005122002",1175653,"CA","Wastewater","Receiving Collection",571536,571536,,,571536,571536,0,0,0,0,0,0,,,,,"Y",""
"06007021001",1175929,"CA","Wastewater","Receiving Collection",26897,28162,,,26897,28162,0,0,1,1,26897,28162,1,1,26897,26897,"","Y"
"06005288001",1175751,"CA","Wastewater","Receiving Collection",29250,29250,,,29250,29250,0,0,0,0,0,0,,,,,"Y",""
"06005351001",1175785,"CA","Wastewater","Receiving Collection",1566,1755,,,1566,1755,0,0,1,1,1566,1755,1,1,1566,1566,"","Y"
"06002061001",1175320,"CA","Wastewater","Receiving Collection",3240,3240,973,973,3240,3240,973,973,0,0,0,0,,,,,"Y",""
"06003075001",1175442,"CA","Wastewater","Receiving Collection",16727,16727,106,106,16727,16727,106,106,0,0,0,0,,,,,"Y",""
"06006005001",1175858,"CA","Wastewater","Receiving Collection",23374,28976,1588,1588,23374,28976,1588,1588,1,1,23374,28976,1,1,23374,23374,"","Y"
"06007005001",1175911,"CA","Wastewater","Receiving Collection",36316,37800,1161,1161,36316,37800,1161,1161,1,1,36316,37800,,,,,"","Y"
"06007032001",1175939,"CA","Wastewater","Receiving Collection",26528,26350,,,26528,26350,0,0,1,1,26528,26350,1,1,26528,26528,"","Y"
"06008014001",1175964,"CA","Wastewater","Receiving Collection",181194,197824,,,181194,197824,0,0,0,0,0,0,,,,,"Y",""
"06008080001",1176025,"CA","Wastewater","Receiving Collection",829,829,212,212,829,829,212,212,1,1,829,829,1,1,829,829,"","Y"
"06003033001",3486842,"CA","Wastewater","Receiving Collection",3413,2970,,,3413,2970,0,0,1,1,3413,2970,0.3,0.3,1024,1024,"","Y"
"06005080001",1238817,"CA","Wastewater","Receiving Collection",8242,9493,,,8242,9493,0,0,1,1,8242,9493,1,1,8242,8242,"","Y"
"06007011001",1238829,"CA","Wastewater","Receiving Collection",3334,3334,,,3334,3334,0,0,1,1,3334,3334,,,,,"","Y"
"06001048001",1175214,"CA","Wastewater","Receiving Collection",797,797,464,464,797,797,464,464,1,1,797,797,1,1,797,797,"","Y"
"06002027001",1175285,"CA","Wastewater","Receiving Collection",22330,22330,,,22330,22330,0,0,0,0,0,0,,,,,"Y",""
"06003005001",1175376,"CA","Wastewater","Receiving Collection",12600,13860,,,12600,13860,0,0,1,1,12600,13860,1,1,12600,12600,"","Y"
"06003061001",1175428,"CA","Wastewater","Receiving Collection",15241,15241,,,15241,15241,0,0,1,0.8,15241,12193,0.1,0.1,1524,1524,"Y",""
"06003083001",1175446,"CA","Wastewater","Receiving Collection",104,158,,,104,158,0,0,1,1,104,158,1,1,104,104,"","Y"
"06005062001",1175583,"CA","Wastewater","Receiving Collection",54296,54296,2117,2117,54296,54296,2117,2117,1,1,54296,54296,,,,,"","Y"
"06005064001",1175585,"CA","Wastewater","Receiving Collection",83700,83700,,,83700,83700,0,0,1,1,83700,83700,0.3,0.3,25110,25110,"","Y"
"06005159001",1175677,"CA","Wastewater","Receiving Collection",3096,3096,318,318,3096,3096,318,318,1,1,3096,3096,1,1,3096,3096,"","Y"
"06005310001",1175761,"CA","Wastewater","Receiving Collection",24300,28980,,,24300,28980,0,0,1,1,24300,28980,1,1,24300,24300,"","Y"
"06006010001",1175863,"CA","Wastewater","Receiving Collection",7380,7380,,,7380,7380,0,0,1,1,7380,7380,1,1,7380,7380,"","Y"
"06008001001",1175945,"CA","Wastewater","Receiving Collection",294956,342000,,,366930,459755,0,0,1,1,366930,459755,0.05,0.05,18347,18347,"Y","Y"
"06008005001",1175949,"CA","Wastewater","Receiving Collection",32998,35175,,,32998,35175,0,0,0,0,0,0,,,,,"Y",""
"06008029001",1175985,"CA","Wastewater","Receiving Collection",62869,62869,,,62869,62869,0,0,0,1,0,62869,0,1,0,0,"Y",""
"06009021001",1176053,"CA","Wastewater","Receiving Collection",20616,24030,,,20616,24030,0,0,0,0,0,0,,,,,"Y",""
"06001085001",1175236,"CA","Wastewater","Receiving Collection",295,295,28,28,295,295,28,28,1,1,295,295,1,1,295,295,"","Y"
"06003018001",1175385,"CA","Wastewater","Receiving Collection",5670,9720,,,5670,9720,0,0,0,0,0,0,,,,,"Y",""
"06003030001",1175398,"CA","Wastewater","Receiving Collection",5400,4770,,,5400,4770,0,0,1,1,5400,4770,1,1,5400,5400,"","Y"
"06003039003",1175406,"CA","Wastewater","Receiving Collection",5735,5735,8679,8679,5735,5735,8679,8679,0,0,0,0,,,,,"Y",""
"06004009002",1175478,"CA","Wastewater","Receiving Collection",113984,124081,,,311175,330806,0,0,0.95,0.95,295616,314266,0.35,0.35,103466,103466,"Y",""
"06006027001",1175883,"CA","Wastewater","Receiving Collection",766,711,,,766,711,0,0,1,1,766,711,1,1,766,766,"","Y"
"06008019001",1175972,"CA","Wastewater","Receiving Collection",58500,65700,,,58500,65700,0,0,1,1,58500,65700,0.25,0.25,14625,14625,"","Y"
"06002053001",1175311,"CA","Wastewater","Receiving Collection",4981,4981,423,423,4981,4981,423,423,1,1,4981,4981,0.1,0.1,498,498,"","Y"
"06004014001",1175501,"CA","Wastewater","Receiving Collection",34200,36095,,,34200,36095,0,0,1,1,34200,36095,0.5,0.5,17100,17100,"","Y"
"06005284001",1175750,"CA","Wastewater","Receiving Collection",15660,24840,,,15660,24840,0,0,1,1,15660,24840,1,1,15660,15660,"","Y"
"06005654001",1175840,"CA","Wastewater","Receiving Collection",2171,2098,,,2171,2098,0,0,1,1,2171,2098,1,1,2171,2171,"","Y"
"06003038006",441073,"CA","Wastewater","Receiving Collection",71,92,,,71,92,0,0,0,0,0,0,,,,,"Y",""
"06001070001",1175229,"CA","Wastewater","Receiving Collection",1904,1904,,,1904,1904,0,0,1,1,1904,1904,,,,,"","Y"
"06002026001",1175284,"CA","Wastewater","Receiving Collection",112869,119091,,,112869,119091,0,0,0,0,0,0,,,,,"Y",""
"06004003001",1175458,"CA","Wastewater","Receiving Collection",114190,118112,,,114190,118112,0,0,1,1,114190,118112,0.05,0.05,5710,5710,"","Y"
"06004009009",1175485,"CA","Wastewater","Receiving Collection",136780,148897,,,159280,175897,0,0,1,1,159280,175897,0.5,0.5,79640,79640,"Y","Y"
"06008017001",1175970,"CA","Wastewater","Receiving Collection",11836,13950,,,11836,13950,0,0,0,0,0,0,,,,,"Y",""
"06009013001",1176044,"CA","Wastewater","Receiving Collection",18929,8297,,,18929,8297,0,0,0,0,0,0,,,,,"Y",""
"06003035001",1238813,"CA","Wastewater","Receiving Collection",2307,2547,,,2307,2547,0,0,1,1,2307,2547,1,1,2307,2307,"","Y"
"06002074001",1175336,"CA","Wastewater","Receiving Collection",4847,4204,,,4847,4204,0,0,1,1,4847,4204,0.6,0.6,2908,2908,"","Y"
"06003012001",1175381,"CA","Wastewater","Receiving Collection",238140,238140,52920,52920,409354,427421,53026,53026,1,1,409354,427421,0.15,0.15,61403,61403,"Y","Y"
"06003047001",1175415,"CA","Wastewater","Receiving Collection",1715,1715,,,1715,1715,0,0,1,1,1715,1715,,,,,"","Y"
"06004010004",1175494,"CA","Wastewater","Receiving Collection",0,0,,,919987,919987,105840,105840,1,1,919987,919987,0.34,0.34,312796,312796,"Y","Y"
"06005081001",1175598,"CA","Wastewater","Receiving Collection",47700,55170,,,47700,55170,0,0,1,1,47700,55170,0.4,0.4,19080,19080,"","Y"
"06005102002",1175625,"CA","Wastewater","Receiving Collection",3916,4635,291,291,3916,4635,291,291,0,0,0,0,,,,,"Y",""
"06005157001",1175675,"CA","Wastewater","Receiving Collection",3242,3242,318,318,3242,3242,318,318,1,1,3242,3242,0.4,0.4,1297,1297,"","Y"
"06005297001",1175754,"CA","Wastewater","Receiving Collection",5580,6750,,,5580,6750,0,0,1,1,5580,6750,1,1,5580,5580,"","Y"
"06008016001",1175967,"CA","Wastewater","Receiving Collection",23643,25506,,,23643,25506,0,0,0,0,0,0,,,,,"Y",""
"06001028001",1175196,"CA","Wastewater","Receiving Collection",6928,6369,,,6928,6369,0,0,1,1,6928,6369,,,,,"","Y"
"06001691001",1175260,"CA","Wastewater","Receiving Collection",360,422,,,360,422,0,0,0,0,0,0,,,,,"Y",""
"06002123001",1175357,"CA","Wastewater","Receiving Collection",1,1,84672,84672,1,1,84672,84672,1,1,1,1,,,,,"","Y"
"06004016001",1175503,"CA","Wastewater","Receiving Collection",3420,3620,0,0,3420,3620,0,0,1,1,3420,3620,,,,,"","Y"
"06005038001",1175558,"CA","Wastewater","Receiving Collection",1363,1363,4445,4445,1363,1363,4445,4445,1,1,1363,1363,1,1,1363,1363,"","Y"
"06005082004",1175601,"CA","Wastewater","Receiving Collection",127,127,,,127,127,0,0,1,1,127,127,1,1,127,127,"","Y"
"06005082020",1175605,"CA","Wastewater","Receiving Collection",127,127,,,127,127,0,0,1,1,127,127,1,1,127,127,"","Y"
"06005186001",1175695,"CA","Wastewater","Receiving Collection",3102,3102,,,3102,3102,0,0,1,1,3102,3102,1,1,3102,3102,"","Y"
"06005349001",1175784,"CA","Wastewater","Receiving Collection",2547,1944,,,2547,1944,0,0,1,1,2547,1944,1,1,2547,2547,"","Y"
"06008041002",1175996,"CA","Wastewater","Receiving Collection",0,0,,,155111,186680,0,0,1,1,155111,186680,0.1,0.3,15511,46533,"Y","Y"
"06009012001",1176043,"CA","Wastewater","Receiving Collection",503,675,,,503,675,0,0,1,1,503,675,,,,,"","Y"
"06009031004",1176069,"CA","Wastewater","Receiving Collection",0,0,,,146085,166694,0,0,1,1,146085,166694,0.55,0.55,80347,80347,"Y","Y"
"06001036001",1175202,"CA","Wastewater","Receiving Collection",24793,23963,,,24793,23963,0,0,1,1,24793,23963,0.38,0.38,9421,9421,"","Y"
"06004011008",1175496,"CA","Wastewater","Receiving Collection",19541,16742,,,19541,16742,0,0,0,0,0,0,,,,,"Y",""
"06005001001",1175523,"CA","Wastewater","Receiving Collection",21316,26370,,,21316,26370,0,0,1,1,21316,26370,1,1,21316,21316,"","Y"
"06005063001",1175584,"CA","Wastewater","Receiving Collection",1130,1047,,,1130,1047,0,0,1,1,1130,1047,,,,,"","Y"
"06005216001",1175710,"CA","Wastewater","Receiving Collection",15906,21422,,,15906,21422,0,0,0,0,0,0,,,,,"Y",""
"06005649001",1175839,"CA","Wastewater","Receiving Collection",68400,90000,,,68400,90000,0,0,0,0,0,0,,,,,"Y",""
"06009016001",1176048,"CA","Wastewater","Receiving Collection",5133,5133,,,5133,5133,0,0,1,1,5133,5133,1,1,5133,5133,"","Y"
"06002151001",1175363,"CA","Wastewater","Receiving Collection",1371,1440,,,1371,1440,0,0,0,0,0,0,,,,,"Y",""
"06004024001",1175511,"CA","Wastewater","Receiving Collection",27000,28260,,,27000,28260,0,0,0,0,0,0,,,,,"Y",""
"06005082003",1175600,"CA","Wastewater","Receiving Collection",858,858,,,858,858,0,0,1,1,858,858,1,1,858,858,"","Y"
"06005179001",1175689,"CA","Wastewater","Receiving Collection",11096,15452,,,11096,15452,0,0,1,1,11096,15452,1,1,11096,11096,"","Y"
"06007003001",1175910,"CA","Wastewater","Receiving Collection",43131,43131,41643,41643,43131,43131,41643,41643,1,1,43131,43131,1,1,43131,43131,"","Y"
"06009015003",1176047,"CA","Wastewater","Receiving Collection",13770,13770,,,13770,13770,0,0,1,1,13770,13770,1,1,13770,13770,"","Y"
"06002158001",3484151,"CA","Wastewater","Receiving Collection",39056,45000,,,39056,45000,0,0,0,0,0,0,,,,,"Y",""
"06005246001",1175732,"CA","Wastewater","Receiving Collection",19661,15695,,,19661,15695,0,0,1,1,19661,15695,1,1,19661,19661,"","Y"
"06008035001",1175990,"CA","Wastewater","Receiving Collection",76658,95974,,,76658,95974,0,0,0,0,0,0,,,,,"Y",""
"06008074001",1176020,"CA","Wastewater","Receiving Collection",46147,47233,,,46147,47233,0,0,0,0,0,0,,,,,"Y",""
"06009025001",1176057,"CA","Wastewater","Receiving Collection",286,286,318,318,286,286,318,318,1,1,286,286,1,1,286,286,"","Y"
"06002028001",1175286,"CA","Wastewater","Receiving Collection",4562,4562,,,4562,4562,0,0,0,0,0,0,,,,,"Y",""
"06001003001",1175169,"CA","Wastewater","Receiving Collection",2977,3092,,,2977,3092,0,0,1,1,2977,3092,1,1,2977,2977,"","Y"
"06001093001",1175240,"CA","Wastewater","Receiving Collection",748,748,,,748,748,0,0,1,1,748,748,1,1,748,748,"","Y"
"06002023001",1175281,"CA","Wastewater","Receiving Collection",0,0,,,187226,219544,0,0,1,1,187226,219544,0.5,0.5,93613,93613,"Y","Y"
"06002082001",1175340,"CA","Wastewater","Receiving Collection",25357,27301,,,25357,27301,0,0,1,1,25357,27301,,,,,"","Y"
"06003080001",1175444,"CA","Wastewater","Receiving Collection",476,476,,,476,476,0,0,1,1,476,476,1,1,476,476,"","Y"
"06005158001",1175676,"CA","Wastewater","Receiving Collection",6750,7380,,,6750,7380,0,0,1,1,6750,7380,1,1,6750,6750,"","Y"
"06001004001",1175170,"CA","Wastewater","Receiving Collection",129,129,159,159,129,129,159,159,1,1,129,129,1,1,129,129,"","Y"
"06002069001",1175329,"CA","Wastewater","Receiving Collection",30188,26284,847,847,30188,26284,847,847,1,1,30188,26284,0.5,0.5,15094,15094,"","Y"
"06005053001",1175571,"CA","Wastewater","Receiving Collection",895616,895616,,,895616,895616,0,0,1,1,895616,895616,1,1,895616,895616,"","Y"
"06005335001",1175774,"CA","Wastewater","Receiving Collection",286,286,,,286,286,0,0,1,1,286,286,1,1,286,286,"","Y"
"06006020001",1175875,"CA","Wastewater","Receiving Collection",12349,12349,14897,14897,12349,12349,14897,14897,0,0,0,0,,,,,"Y",""
"06007002001",1175909,"CA","Wastewater","Receiving Collection",39493,42300,,,39493,42300,0,0,1,1,39493,42300,,,,,"","Y"
"06008034001",1175989,"CA","Wastewater","Receiving Collection",0,0,,,25153,30272,0,0,1,1,25153,30272,1,1,25153,25153,"Y","Y"
"06009006001",1176037,"CA","Wastewater","Receiving Collection",0,0,0,0,34096,34490,5292,5292,1,1,34096,34490,0.2,0.2,6819,6819,"Y","Y"
"06009019001",1176050,"CA","Wastewater","Receiving Collection",0,0,,,49715,49670,0,0,1,1,49715,49670,,,,,"Y","Y"
"06000203200",3509698,"CA","Wastewater","Receiving Collection",582120,684419,,,582120,684419,0,0,0,0,0,0,,,,,"Y",""
"06002107001",1175346,"CA","Wastewater","Receiving Collection",23940,27720,,,23940,27720,0,0,0,0,0,0,,,,,"Y",""
"06004009006",1175482,"CA","Wastewater","Receiving Collection",189973,209563,,,189973,209563,0,0,1,1,189973,209563,0.3,0.3,56992,56992,"","Y"
"06005112001",1175643,"CA","Wastewater","Receiving Collection",7112,7112,,,7112,7112,0,0,1,1,7112,7112,1,1,7112,7112,"","Y"
"06008065001",1176011,"CA","Wastewater","Receiving Collection",130778,147106,,,130778,147106,0,0,0,0,0,0,,,,,"Y",""
"06003046001",1175414,"CA","Wastewater","Receiving Collection",49,49,,,49,49,0,0,1,1,49,49,1,1,49,49,"","Y"
"06001040001",1175205,"CA","Wastewater","Receiving Collection",1080,1080,,,1080,1080,0,0,1,1,1080,1080,0.5,0.5,540,540,"","Y"
"06001168001",3477030,"CA","Wastewater","Receiving Collection",629,629,,,629,629,0,0,1,1,629,629,1,1,629,629,"","Y"
"06002122001",1175356,"CA","Wastewater","Receiving Collection",28067,32591,6350,6350,28067,32591,6350,6350,0,0,0,0,,,,,"Y",""
"06003027001",1175394,"CA","Wastewater","Receiving Collection",28403,31633,,,34557,38383,0,0,1,1,34557,38383,0.2,0.2,6911,6911,"Y","Y"
"06005040001",1175560,"CA","Wastewater","Receiving Collection",12420,13500,,,12420,13500,0,0,1,1,12420,13500,,,,,"","Y"
"06005187001",1175696,"CA","Wastewater","Receiving Collection",3760,3420,,,4899,4559,0,0,1,1,4899,4559,0.1,0.1,490,490,"Y","Y"
"06005197001",1175701,"CA","Wastewater","Receiving Collection",58503,58503,2699,2699,60548,60548,2699,2699,1,1,60548,60548,1,1,60548,60548,"Y","Y"
"06005315002",1175764,"CA","Wastewater","Receiving Collection",13168,15351,,,13168,15351,0,0,1,1,13168,15351,1,1,13168,13168,"","Y"
"06005421001",1175804,"CA","Wastewater","Receiving Collection",3731,4680,,,7647,9315,291,291,1,1,7647,9315,,,,,"Y","Y"
"06008033001",1175988,"CA","Wastewater","Receiving Collection",0,0,,,455138,796418,0,0,1,1,455138,796418,,,,,"Y","Y"
"06002043001",1175301,"CA","Wastewater","Receiving Collection",90969,90969,,,155584,167466,0,0,1,1,155584,167466,,,,,"Y","Y"
"06003066001",1175434,"CA","Wastewater","Receiving Collection",1629,1629,,,1629,1629,0,0,0,0,0,0,,,,,"Y",""
"06005178001",1175688,"CA","Wastewater","Receiving Collection",9287,9268,,,9531,9412,0,0,1,1,9531,9412,1,1,9531,9531,"Y","Y"
"06007069001",1175944,"CA","Wastewater","Receiving Collection",0,0,25150,27000,0,0,25150,27000,1,1,0,0,1,1,0,0,"","Y"
"06008012001",1175963,"CA","Wastewater","Receiving Collection",35798,64156,,,35798,64156,0,0,1,1,35798,64156,0.55,0.55,19689,19689,"","Y"
"06002032003",1175289,"CA","Wastewater","Receiving Collection",0,0,,,585360,687659,973,973,1,1,585360,687659,,,,,"Y","Y"
"06002057001",1175314,"CA","Wastewater","Receiving Collection",90000,110700,,,90000,110700,0,0,1,1,90000,110700,0.15,0.15,13500,13500,"","Y"
"06003041001",1175408,"CA","Wastewater","Receiving Collection",5670,5670,,,9926,10098,0,0,1,1,9926,10098,1,1,9926,9926,"Y","Y"
"06003069001",1175437,"CA","Wastewater","Receiving Collection",11348,10558,,,11348,10558,0,0,0,0,0,0,,,,,"Y",""
"06001008001",1175175,"CA","Wastewater","Receiving Collection",1350,1350,,,1350,1350,0,0,1,1,1350,1350,,,,,"","Y"
"06001024001",1175192,"CA","Wastewater","Receiving Collection",5940,4320,,,5940,4320,0,0,0,0,0,0,,,,,"Y",""
"06001099001",1175246,"CA","Wastewater","Receiving Collection",8460,8864,,,8460,8864,0,0,1,1,8460,8864,1,1,8460,8460,"","Y"
"06002029001",1175287,"CA","Wastewater","Receiving Collection",146659,187295,,,146659,187295,0,0,1,1,146659,187295,0.03,0.03,4400,4400,"","Y"
"06002120001",1175354,"CA","Wastewater","Receiving Collection",17680,17680,,,79780,86159,0,0,1,1,79780,86159,,,,,"Y","Y"
"06002121001",1175355,"CA","Wastewater","Receiving Collection",67888,67888,,,67888,67888,0,0,0.22,0.22,14935,14935,0.22,0.22,3286,3286,"Y",""
"06003090001",1175449,"CA","Wastewater","Receiving Collection",5848,5813,,,5848,5813,0,0,0,0,0,0,,,,,"Y",""
"06004010002",1175492,"CA","Wastewater","Receiving Collection",123833,123833,,,123833,123833,0,0,1,1,123833,123833,0.4,0.4,49533,49533,"","Y"
"06005015001",1175537,"CA","Wastewater","Receiving Collection",37150,37150,,,37150,37150,0,0,1,1,37150,37150,1,1,37150,37150,"","Y"
"06005039001",1175559,"CA","Wastewater","Receiving Collection",8049,8049,,,8049,8049,0,0,1,1,8049,8049,1,1,8049,8049,"","Y"
"06005059001",1175578,"CA","Wastewater","Receiving Collection",5122,5850,,,5122,5850,0,0,0,0,0,0,,,,,"Y",""
"06005160001",1175678,"CA","Wastewater","Receiving Collection",3150,3219,631,631,3150,3219,631,631,0,0,0,0,,,,,"Y",""
"06005184001",1175693,"CA","Wastewater","Receiving Collection",90953,108000,,,90953,108000,0,0,1,1,90953,108000,0.35,0.35,31834,31834,"","Y"
"06005682001",1175846,"CA","Wastewater","Receiving Collection",441,475,,,441,475,0,0,1,1,441,475,,,,,"","Y"
"06004011009",1175497,"CA","Wastewater","Receiving Collection",2286,2286,,,2286,2286,0,0,1,1,2286,2286,1,1,2286,2286,"","Y"
"06005035001",1175556,"CA","Wastewater","Receiving Collection",5490,5679,,,5490,5679,0,0,1,1,5490,5679,0.3,0.3,1647,1647,"","Y"
"06005125001",1175656,"CA","Wastewater","Receiving Collection",11569,13012,,,11569,13012,0,0,1,1,11569,13012,1,1,11569,11569,"","Y"
"06005126001",1175657,"CA","Wastewater","Receiving Collection",20411,26954,,,20411,26954,0,0,1,1,20411,26954,1,1,20411,20411,"","Y"
"06005238001",1175725,"CA","Wastewater","Receiving Collection",436,488,,,436,488,0,0,1,1,436,488,1,1,436,436,"","Y"
"06005271001",1175746,"CA","Wastewater","Receiving Collection",1851,1436,,,1851,1436,0,0,1,1,1851,1436,1,1,1851,1851,"","Y"
"06005306001",1175758,"CA","Wastewater","Receiving Collection",12644,10832,,,12644,10832,0,0,1,1,12644,10832,1,1,12644,12644,"","Y"
"06005311001",1175762,"CA","Wastewater","Receiving Collection",293,450,,,293,450,0,0,1,1,293,450,1,1,293,293,"","Y"
"06009036001",1176075,"CA","Wastewater","Receiving Collection",36000,36000,,,36000,36000,0,0,1,1,36000,36000,0.49,0.49,17640,17640,"","Y"
"06009053001",1176088,"CA","Wastewater","Receiving Collection",762,762,,,762,762,0,0,1,1,762,762,1,1,762,762,"","Y"
"06001016001",1175185,"CA","Wastewater","Receiving Collection",104,68,529,529,104,68,529,529,1,1,104,68,1,1,104,104,"","Y"
"06008086001",3380875,"CA","Wastewater","Receiving Collection",18000,20277,,,18000,20277,0,0,1,1,18000,20277,0.5,0.5,9000,9000,"","Y"
"06005294001",3478111,"CA","Wastewater","Receiving Collection",585,585,,,585,585,0,0,1,1,585,585,,,,,"","Y"
"06005082001",1238818,"CA","Wastewater","Receiving Collection",2858,2858,,,2858,2858,0,0,1,1,2858,2858,1,1,2858,2858,"","Y"
"06001056001",3477690,"CA","Wastewater","Receiving Collection",680,680,,,680,680,0,0,1,1,680,680,1,1,680,680,"","Y"
"06008072001",1176018,"CA","Wastewater","Receiving Collection",51654,54842,,,51654,54842,0,0,0,0,0,0,,,,,"Y",""
"06008015001",1175965,"CA","Wastewater","Receiving Collection",117491,179010,,,117491,179010,0,0,0,0,0,0,,,,,"Y",""
"06009076001",1176095,"CA","Wastewater","Receiving Collection",0,0,,,120986,211706,0,0,0.29,0.29,35086,61395,0.29,0.29,10175,10175,"Y",""
"06006033001",1175886,"CA","Wastewater","Receiving Collection",6382,6382,,,6382,6382,0,0,1,1,6382,6382,1,1,6382,6382,"","Y"
"06008010006",3486596,"CA","Wastewater","Receiving Collection",0,0,,,110197,139437,0,0,1,1,110197,139437,0.4,0.4,44079,44079,"Y","Y"
"06002039001",1175297,"CA","Wastewater","Receiving Collection",20270,23397,,,20270,23397,0,0,1,1,20270,23397,,,,,"","Y"
"06005098001",1175618,"CA","Wastewater","Receiving Collection",0,0,,,65424,67449,0,0,1,1,65424,67449,,,,,"Y","Y"
"06005229001",1175718,"CA","Wastewater","Receiving Collection",136,28,,,136,28,0,0,0,0,0,0,,,,,"Y",""
"06005316001",1175765,"CA","Wastewater","Receiving Collection",1682,2147,,,1682,2147,0,0,1,1,1682,2147,1,1,1682,1682,"","Y"
"06008078001",1176024,"CA","Wastewater","Receiving Collection",98730,102150,,,98730,102150,0,0,0,0,0,0,,,,,"Y",""
"06004009003",1175479,"CA","Wastewater","Receiving Collection",827206,886252,,,936523,1001161,0,0,1,1,936523,1001161,0.3,0.3,280957,280957,"Y","Y"
"06005148001",1175668,"CA","Wastewater","Receiving Collection",1151,1490,773,773,1151,1490,773,773,0,0,0,0,,,,,"Y",""
"06005245002",1175731,"CA","Wastewater","Receiving Collection",7524,8651,,,7524,8651,0,0,1,1,7524,8651,,,,,"","Y"
"06004002001",1175457,"CA","Wastewater","Receiving Collection",20700,22376,,,20700,22376,0,0,1,1,20700,22376,,,,,"","Y"
"06004017001",1175504,"CA","Wastewater","Receiving Collection",14846,14846,,,14846,14846,0,0,1,1,14846,14846,1,1,14846,14846,"","Y"
"06005030001",1175552,"CA","Wastewater","Receiving Collection",2045,2045,,,2045,2045,0,0,0,0,0,0,,,,,"Y",""
"06005308001",1175759,"CA","Wastewater","Receiving Collection",1770,1391,,,1770,1391,0,0,1,1,1770,1391,1,1,1770,1770,"","Y"
"06006012001",1175865,"CA","Wastewater","Receiving Collection",245,245,106,106,245,245,106,106,1,1,245,245,1,1,245,245,"","Y"
"06007016001",1175924,"CA","Wastewater","Receiving Collection",1062,1062,103,103,1062,1062,103,103,1,1,1062,1062,1,1,1062,1062,"","Y"
"06008024001",1175978,"CA","Wastewater","Receiving Collection",48518,51473,,,60354,65423,0,0,0,0,0,0,,,,,"Y",""
"06009043001",1176082,"CA","Wastewater","Receiving Collection",104967,123346,,,104967,123346,0,0,0,0,0,0,,,,,"Y",""
"06005000002",3514618,"CA","Wastewater","Receiving Collection",1080000,1350000,,,1080000,1350000,0,0,0,0,0,0,,,,,"Y",""
"06009069001",3368012,"CA","Wastewater","Receiving Collection",900,900,,,900,900,0,0,1,1,900,900,1,1,900,900,"","Y"
"06001017002",480835,"CA","Wastewater","Receiving Collection",2056,1881,,,2056,1881,0,0,0,0,0,0,,,,,"Y",""
"06008058001",1176007,"CA","Wastewater","Receiving Collection",163199,170100,,,163199,170100,0,0,0,0,0,0,,,,,"Y",""
"06006001002",3483573,"CA","Wastewater","Receiving Collection",409,409,,,409,409,0,0,0,0,0,0,,,,,"Y",""
"06001012001",1175182,"CA","Wastewater","Receiving Collection",1260,958,,,1260,958,0,0,1,1,1260,958,1,1,1260,1260,"","Y"
"06002024001",1175282,"CA","Wastewater","Receiving Collection",19710,21579,7409,7409,19710,21579,7409,7409,1,1,19710,21579,,,,,"","Y"
"06003022001",1175389,"CA","Wastewater","Receiving Collection",15727,15727,,,15727,15727,0,0,1,1,15727,15727,1,1,15727,15727,"","Y"
"06005227001",1238820,"CA","Wastewater","Receiving Collection",56297,110499,,,120655,195918,0,0,1,1,120655,195918,,,,,"Y","Y"
"06001064001",1175223,"CA","Wastewater","Receiving Collection",760,629,,,760,629,0,0,1,1,760,629,1,1,760,760,"","Y"
"06002019001",1175278,"CA","Wastewater","Receiving Collection",114436,133940,,,114436,133940,0,0,0,0,0,0,,,,,"Y",""
"06003014001",1175382,"CA","Wastewater","Receiving Collection",9787,9787,3821,3821,9787,9787,3821,3821,1,1,9787,9787,,,,,"","Y"
"06005082002",1175599,"CA","Wastewater","Receiving Collection",549,765,,,549,765,0,0,1,1,549,765,1,1,549,549,"","Y"
"06005241001",1175728,"CA","Wastewater","Receiving Collection",2250,2913,,,2250,2913,0,0,1,1,2250,2913,1,1,2250,2250,"","Y"
"06005249001",1175733,"CA","Wastewater","Receiving Collection",30330,41400,847,847,30330,41400,847,847,1,1,30330,41400,0.42,0.42,12739,12739,"","Y"
"06009038001",1176076,"CA","Wastewater","Receiving Collection",45723,45723,,,45723,45723,0,0,1,1,45723,45723,0.25,0.25,11431,11431,"","Y"
"06001096001",1175243,"CA","Wastewater","Receiving Collection",775,775,,,775,775,0,0,1,1,775,775,1,1,775,775,"","Y"
"06002042001",1175300,"CA","Wastewater","Receiving Collection",49500,55800,,,49500,55800,0,0,1,1,49500,55800,,,,,"","Y"
"06002044001",1175302,"CA","Wastewater","Receiving Collection",54611,61186,,,54611,61186,0,0,0,0,0,0,,,,,"Y",""
"06002091001",1175343,"CA","Wastewater","Receiving Collection",24649,29312,,,24649,29312,0,0,0,0,0,0,,,,,"Y",""
"06005045001",1175565,"CA","Wastewater","Receiving Collection",1334,1334,9737,15000,1462,1462,10584,15847,1,1,1462,1462,0.1,0.1,146,146,"Y","Y"
"06005054001",1175573,"CA","Wastewater","Receiving Collection",24254,27609,1058,1058,24254,27609,1058,1058,1,1,24254,27609,,,,,"","Y"
"06005322001",1175769,"CA","Wastewater","Receiving Collection",3048,3048,,,3048,3048,0,0,1,1,3048,3048,1,1,3048,3048,"","Y"
"06004029001",1175514,"CA","Wastewater","Receiving Collection",62737,74667,,,62737,74667,0,0,1,1,62737,74667,0.9,0.9,56463,56463,"","Y"
"06005142001",1175663,"CA","Wastewater","Receiving Collection",15840,25200,,,15840,25200,0,0,1,1,15840,25200,1,1,15840,15840,"","Y"
"06005340001",1175776,"CA","Wastewater","Receiving Collection",128,128,847,847,128,128,847,847,0,0,0,0,,,,,"Y",""
"06007014001",1175922,"CA","Wastewater","Receiving Collection",19227,32377,,,19227,32377,0,0,1,1,19227,32377,,,,,"","Y"
"06007029001",1175936,"CA","Wastewater","Receiving Collection",75413,118827,,,75413,118827,0,0,1,1,75413,118827,0,0.2,0,15083,"","Y"
"06008047001",1176001,"CA","Wastewater","Receiving Collection",353,353,1588,1588,353,353,1588,1588,0,0,0,0,,,,,"Y",""
"06001027001",1175195,"CA","Wastewater","Receiving Collection",8100,8460,,,8100,8460,0,0,1,1,8100,8460,0.4,0.4,3240,3240,"","Y"
"06001042001",1175207,"CA","Wastewater","Receiving Collection",6990,7088,,,6990,7088,0,0,1,1,6990,7088,1,1,6990,6990,"","Y"
"06005107001",1175639,"CA","Wastewater","Receiving Collection",35567,35567,,,68642,69317,0,0,0.4,0.4,27457,27727,0.4,0.4,10983,10983,"Y",""
"06005282001",1175749,"CA","Wastewater","Receiving Collection",2116,2430,,,2116,2430,0,0,1,1,2116,2430,1,1,2116,2116,"","Y"
"06005607001",1175831,"CA","Wastewater","Receiving Collection",2381,2381,,,2381,2381,0,0,1,1,2381,2381,1,1,2381,2381,"","Y"
"06009068002",1176092,"CA","Wastewater","Receiving Collection",591,591,,,591,591,0,0,1,1,591,591,1,1,591,591,"","Y"
"06005098002",3479031,"CA","Wastewater","Receiving Collection",0,0,,,21375,22050,0,0,1,1,21375,22050,,,,,"Y","Y"
"06002054001",3486530,"CA","Wastewater","Receiving Collection",18869,18869,3175,3175,18869,18869,3175,3175,1,1,18869,18869,0.25,0.25,4717,4717,"","Y"
"06003062001",1175429,"CA","Wastewater","Receiving Collection",35550,42024,,,35550,42024,0,0,0,0,0,0,,,,,"Y",""
"06005010001",1175530,"CA","Wastewater","Receiving Collection",101448,101448,,,149313,149313,0,0,1,1,149313,149313,1,1,149313,149313,"Y","Y"
"06005026001",1175548,"CA","Wastewater","Receiving Collection",42700,64200,,,42700,64200,0,0,1,1,42700,64200,1,1,42700,42700,"","Y"
"06005164001",1175682,"CA","Wastewater","Receiving Collection",3426,3508,,,3426,3508,0,0,1,1,3426,3508,1,1,3426,3426,"","Y"
"06005218001",1175712,"CA","Wastewater","Receiving Collection",572,572,,,572,572,0,0,1,1,572,572,1,1,572,572,"","Y"
"06005265001",1175744,"CA","Wastewater","Receiving Collection",1708,2250,,,1708,2250,0,0,1,1,1708,2250,1,1,1708,1708,"","Y"
"06005783001",1175853,"CA","Wastewater","Receiving Collection",2696,3999,,,2696,3999,0,0,1,1,2696,3999,,,,,"","Y"
"06008066001",1176012,"CA","Wastewater","Receiving Collection",14022,14050,529,529,14022,14050,529,529,0,0,0,0,,,,,"Y",""
"06008069001",1176015,"CA","Wastewater","Receiving Collection",33988,33582,,,33988,33582,0,0,0,0,0,0,,,,,"Y",""
"06001065001",1175224,"CA","Wastewater","Receiving Collection",594,495,,,594,495,0,0,1,1,594,495,1,1,594,594,"","Y"
"06001078001",1175231,"CA","Wastewater","Receiving Collection",5242,5242,,,5242,5242,0,0,0,0,0,0,,,,,"Y",""
"06002001001",1175262,"CA","Wastewater","Receiving Collection",57600,74700,,,57600,74700,0,0,0,0,0,0,,,,,"Y",""
"06002046001",1175306,"CA","Wastewater","Receiving Collection",61257,61257,,,100313,106257,0,0,1,1,100313,106257,,,,,"Y","Y"
"06002113001",1175351,"CA","Wastewater","Receiving Collection",73364,117000,,,73364,117000,0,0,0,0,0,0,,,,,"Y",""
"06003043001",1175410,"CA","Wastewater","Receiving Collection",6154,6750,,,6154,6750,0,0,0,0,0,0,,,,,"Y",""
"06004009004",1175480,"CA","Wastewater","Receiving Collection",113984,124081,,,297390,307487,0,0,1,1,297390,307487,0.5,0.5,148695,148695,"Y","Y"
"06004009007",1175483,"CA","Wastewater","Receiving Collection",49393,53769,,,49393,53769,0,0,1,1,49393,53769,0.2,0.2,9879,9879,"","Y"
"06005021001",1175542,"CA","Wastewater","Receiving Collection",9936,11990,,,9936,11990,0,0,0,0,0,0,,,,,"Y",""
"06005058001",1175577,"CA","Wastewater","Receiving Collection",3780,3727,,,3780,3727,0,0,1,1,3780,3727,1,1,3780,3780,"","Y"
"06005232001",1175720,"CA","Wastewater","Receiving Collection",7920,8242,,,7920,8242,0,0,1,1,7920,8242,0.2,0.2,1584,1584,"","Y"
"06006021001",1175876,"CA","Wastewater","Receiving Collection",8573,8573,2088,2088,8573,8573,2088,2088,1,1,8573,8573,1,1,8573,8573,"","Y"
"06006028002",3349051,"CA","Wastewater","Receiving Collection",906,1132,,,906,1132,0,0,1,1,906,1132,1,1,906,906,"","Y"
"06001013001",1175183,"CA","Wastewater","Receiving Collection",747,545,,,747,545,0,0,1,1,747,545,1,1,747,747,"","Y"
"06002085001",1175342,"CA","Wastewater","Receiving Collection",2430,2034,,,2430,2034,0,0,0,0,0,0,,,,,"Y",""
"06005078001",1175596,"CA","Wastewater","Receiving Collection",117900,222443,,,117900,222443,0,0,1,1,117900,222443,0.6,0.6,70740,70740,"","Y"
"06005300001",1175756,"CA","Wastewater","Receiving Collection",4763,4706,,,4763,4706,0,0,1,1,4763,4706,1,1,4763,4763,"","Y"
"06006002001",1175855,"CA","Wastewater","Receiving Collection",15998,15480,21,21,15998,15480,21,21,1,1,15998,15480,1,1,15998,15998,"","Y"
"06008100001",1176031,"CA","Wastewater","Receiving Collection",43939,49094,,,43939,49094,0,0,1,1,43939,49094,0.67,0.67,29439,29439,"","Y"
"06009008001",1176039,"CA","Wastewater","Receiving Collection",16650,18000,,,16650,18000,0,0,0,0,0,0,,,,,"Y",""
"06002032004",442052,"CA","Wastewater","Receiving Collection",2250,16776,,,2250,16776,0,0,1,1,2250,16776,0,0.42,0,945,"","Y"
"06001050001",1175216,"CA","Wastewater","Receiving Collection",741,990,95,95,741,990,95,95,1,1,741,990,1,1,741,741,"","Y"
"06003004001",1175375,"CA","Wastewater","Receiving Collection",40960,44100,,,40960,44100,0,0,1,1,40960,44100,,,,,"","Y"
"06001062001",1175222,"CA","Wastewater","Receiving Collection",6883,7485,,,6883,7485,0,0,0,0,0,0,,,,,"Y",""
"06002060007",1175319,"CA","Wastewater","Receiving Collection",200,324,122,122,200,324,122,122,1,1,200,324,1,1,200,200,"","Y"
"06002110001",1175349,"CA","Wastewater","Receiving Collection",29700,23093,,,29700,23093,0,0,0,0,0,0,,,,,"Y",""
"06002156001",1175366,"CA","Wastewater","Receiving Collection",11098,11098,,,11098,11098,0,0,0,0,0,0,,,,,"Y",""
"06005012001",1175534,"CA","Wastewater","Receiving Collection",12150,16362,,,12150,16362,0,0,1,1,12150,16362,1,1,12150,12150,"","Y"
"06005042003",1175562,"CA","Wastewater","Receiving Collection",46956,46956,,,46956,46956,0,0,1,1,46956,46956,1,1,46956,46956,"","Y"
"06005077001",1175595,"CA","Wastewater","Receiving Collection",65444,73611,,,116883,127351,0,0,1,1,116883,127351,0.9,0.9,105195,105195,"Y","Y"
"06005105001",1175637,"CA","Wastewater","Receiving Collection",79920,108000,,,79920,108000,0,0,1,1,79920,108000,0.65,0.65,51948,51948,"","Y"
"06005226001",1175717,"CA","Wastewater","Receiving Collection",14130,10890,,,14130,10890,0,0,1,1,14130,10890,0.5,0.5,7065,7065,"","Y"
"06005262001",1175743,"CA","Wastewater","Receiving Collection",217,217,,,217,217,0,0,1,1,217,217,1,1,217,217,"","Y"
"06006009001",1175862,"CA","Wastewater","Receiving Collection",0,0,,,230482,203312,0,0,1,1,230482,203312,0.7,0.7,161337,161337,"Y","Y"
"06007010001",1175920,"CA","Wastewater","Receiving Collection",16014,12150,,,16014,12150,0,0,1,1,16014,12150,1,1,16014,16014,"","Y"
"06008083001",1176027,"CA","Wastewater","Receiving Collection",22568,22568,,,22568,22568,0,0,0,0,0,0,,,,,"Y",""
"06009026005",1176061,"CA","Wastewater","Receiving Collection",8627,10170,,,8627,10170,0,0,0,0,0,0,,,,,"Y",""
"06001011001",1175181,"CA","Wastewater","Receiving Collection",11278,11278,,,11638,11700,0,0,1,1,11638,11700,,,,,"Y","Y"
"06001021001",1175190,"CA","Wastewater","Receiving Collection",7053,7560,,,7053,7560,0,0,0,0,0,0,,,,,"Y",""
"06002077001",1175338,"CA","Wastewater","Receiving Collection",2970,3150,,,2970,3150,0,0,0,0,0,0,,,,,"Y",""
"06003002001",1175373,"CA","Wastewater","Receiving Collection",4256,4428,,,4256,4428,0,0,0,0,0,0,,,,,"Y",""
"06005041001",1175561,"CA","Wastewater","Receiving Collection",5760,7200,,,5760,7200,0,0,1,1,5760,7200,0.3,0.3,1728,1728,"","Y"
"06005065001",1175586,"CA","Wastewater","Receiving Collection",193500,209468,,,204525,220718,0,0,0,0,0,0,,,,,"Y",""
"06005177001",1175687,"CA","Wastewater","Receiving Collection",22667,29059,,,22667,29059,0,0,1,1,22667,29059,1,1,22667,22667,"","Y"
"06005185001",1175694,"CA","Wastewater","Receiving Collection",1034,1034,,,1034,1034,0,0,0,0,0,0,,,,,"Y",""
"06002030001",1238810,"CA","Wastewater","Receiving Collection",96564,103500,,,96564,103500,0,0,1,1,96564,103500,,,,,"","Y"
"06008010009",410658,"CA","Wastewater","Receiving Collection",71220,78066,,,71220,78066,0,0,0,0,0,0,,,,,"Y",""
"06005019004",395847,"CA","Wastewater","Receiving Collection",27000,33300,,,27000,33300,0,0,1,1,27000,33300,1,1,27000,27000,"","Y"
"06000000109",3608001,"CA","Wastewater","Receiving Collection",122355,122355,,,122355,122355,0,0,0,0,0,0,,,,,"Y",""
"06000000201",3609599,"CA","Wastewater","Receiving Collection",136542,141300,,,136542,141300,0,0,0,0,0,0,,,,,"Y",""
"06000000145",3608834,"CA","Wastewater","Receiving Collection",43008,48600,,,43008,48600,0,0,0,0,0,0,,,,,"Y",""
"06009074002",3334975,"CA","Wastewater","Receiving Collection",137026,270423,,,137026,270423,0,0,1,1,137026,270423,0.33,0.33,45219,45219,"","Y"
"06000000080",3607474,"CA","Wastewater","Receiving Collection",913086,1300500,,,913086,1300500,0,0,0,0,0,0,,,,,"Y",""
"06000000081",3607551,"CA","Wastewater","Receiving Collection",90000,98100,,,90000,98100,0,0,1,1,90000,98100,0.9,0.9,81000,81000,"","Y"
"06000000167",3609122,"CA","Wastewater","Receiving Collection",54187,54187,,,54187,54187,0,0,0,0,0,0,,,,,"Y",""
"06001047001",1175213,"CA","Wastewater","Receiving Collection",17266,20489,,,17266,20489,0,0,1,1,17266,20489,,,,,"","Y"
"06002022001",1175280,"CA","Wastewater","Receiving Collection",22500,27000,,,22500,27000,0,0,0,0,0,0,,,,,"Y",""
"06002040001",1175298,"CA","Wastewater","Receiving Collection",114300,114300,,,114521,114521,0,0,1,1,114521,114521,0.27,0.27,30921,30921,"Y","Y"
"06004009008",1175484,"CA","Wastewater","Receiving Collection",168637,178676,,,168637,178676,0,0,1,1,168637,178676,0.25,0.25,42159,42159,"","Y"
"06004020001",1175507,"CA","Wastewater","Receiving Collection",2143,2143,,,2143,2143,0,0,1,1,2143,2143,1,1,2143,2143,"","Y"
"06005051001",1175570,"CA","Wastewater","Receiving Collection",5001,5001,,,5001,5001,0,0,1,1,5001,5001,1,1,5001,5001,"","Y"
"06005056001",1175575,"CA","Wastewater","Receiving Collection",6007,6007,,,6007,6007,0,0,1,1,6007,6007,1,1,6007,6007,"","Y"
"06006013001",1175866,"CA","Wastewater","Receiving Collection",10079,10079,5292,5292,10079,10079,5292,5292,1,1,10079,10079,1,1,10079,10079,"","Y"
"06000000303",3612732,"CA","Wastewater","Receiving Collection",7920,8844,,,7920,8844,0,0,1,1,7920,8844,,,,,"","Y"
"06002175001",3224310,"CA","Wastewater","Receiving Collection",68831,82800,,,68831,82800,0,0,0,0,0,0,,,,,"Y",""
"06009039001",1176077,"CA","Wastewater","Receiving Collection",2001,2001,,,2001,2001,0,0,1,1,2001,2001,1,1,2001,2001,"","Y"
"06009041002",1176080,"CA","Wastewater","Receiving Collection",176033,194076,,,184660,204246,0,0,1,1,184660,204246,0,0.25,0,46165,"Y","Y"
"06009050001",1176087,"CA","Wastewater","Receiving Collection",58307,81000,,,58307,81000,0,0,0,0,0,0,,,,,"Y",""
"06009075001",1176094,"CA","Wastewater","Receiving Collection",0,0,,,38250,38250,0,0,1,1,38250,38250,0.8,0.8,30600,30600,"Y","Y"
"06000000102",3607908,"CA","Wastewater","Receiving Collection",0,0,0,0,0,333311,0,0,1,1,0,333311,0,1,0,0,"Y","Y"
"06002032005",443709,"CA","Wastewater","Receiving Collection",225000,264541,,,225000,264541,0,0,1,1,225000,264541,,,,,"","Y"
"06000000165",3609119,"CA","Wastewater","Receiving Collection",55800,75600,,,55800,75600,0,0,1,1,55800,75600,1,1,55800,55800,"","Y"
"06000000203",3609627,"CA","Wastewater","Receiving Collection",540000,972000,,,576124,1008124,0,0,0,0,0,0,,,,,"Y",""
"06000000311",3613059,"CA","Wastewater","Receiving Collection",0,0,0,0,5430,5430,212,212,1,1,5430,5430,0,1,0,5430,"Y","Y"
"06005511003",3477617,"CA","Wastewater","Receiving Collection",1043,1064,,,1043,1064,0,0,1,1,1043,1064,1,1,1043,1043,"","Y"
"06009032001",1176070,"CA","Wastewater","Receiving Collection",180000,196470,,,180000,196470,0,0,1,1,180000,196470,0.8,0.8,144000,144000,"","Y"
"06000000215",3610516,"CA","Wastewater","Receiving Collection",22500,22500,,,22500,22500,0,0,1,1,22500,22500,1,1,22500,22500,"","Y"
"06000000307",3612790,"CA","Wastewater","Receiving Collection",65700,72000,,,65700,72000,0,0,1,1,65700,72000,1,1,65700,65700,"","Y"
"06004010003",1175493,"CA","Wastewater","Receiving Collection",0,0,0,0,213774,228264,1799,1799,1,1,213774,228264,0.5,0.5,106887,106887,"Y","Y"
"06002108001",1175347,"CA","Wastewater","Receiving Collection",27000,25538,529,529,27000,25538,529,529,1,1,27000,25538,0.42,0.42,11340,11340,"","Y"
"06004044001",1175519,"CA","Wastewater","Receiving Collection",27148,27148,1058,1058,27148,27148,1058,1058,0.8,0.8,21718,21718,,,,,"Y",""
"06005043001",1175563,"CA","Wastewater","Receiving Collection",16599,16599,,,16599,16599,0,0,1,1,16599,16599,1,1,16599,16599,"","Y"
"06005066001",1175587,"CA","Wastewater","Receiving Collection",4126,4126,789,789,4126,4126,789,789,1,1,4126,4126,,,,,"","Y"
"06005123001",1175654,"CA","Wastewater","Receiving Collection",1064,761,,,1064,761,0,0,1,1,1064,761,1,1,1064,1064,"","Y"
"06005236001",1175723,"CA","Wastewater","Receiving Collection",6576,7525,,,6576,7525,0,0,1,1,6576,7525,1,1,6576,6576,"","Y"
"06005669001",1175844,"CA","Wastewater","Receiving Collection",5715,5715,,,5715,5715,0,0,0,0,0,0,,,,,"Y",""
"06008026001",1175981,"CA","Wastewater","Receiving Collection",30852,37200,,,30852,37200,0,0,0,0,0,0,,,,,"Y",""
"06009018001",1176049,"CA","Wastewater","Receiving Collection",11704,11822,423,423,11704,11822,423,423,0,0,0,0,,,,,"Y",""
"06009046001",1176084,"CA","Wastewater","Receiving Collection",3521,3165,,,3521,3165,0,0,0,0,0,0,,,,,"Y",""
"06002157001",1175367,"CA","Wastewater","Receiving Collection",31008,37463,,,31008,37463,0,0,0,0,0,0,,,,,"Y",""
"06004009010",1175486,"CA","Wastewater","Receiving Collection",91187,99265,,,145187,162265,0,0,1,1,145187,162265,1,1,145187,145187,"Y","Y"
"06003054002",1175423,"CA","Wastewater","Receiving Collection",191,191,,,191,191,0,0,1,1,191,191,1,1,191,191,"","Y"
"06005049001",1175569,"CA","Wastewater","Receiving Collection",4444,4950,,,4444,4950,0,0,1,1,4444,4950,1,1,4444,4444,"","Y"
"06005124001",1175655,"CA","Wastewater","Receiving Collection",1905,1905,,,1905,1905,0,0,1,1,1905,1905,1,1,1905,1905,"","Y"
"06005328001",1175772,"CA","Wastewater","Receiving Collection",2698,2698,,,2698,2698,0,0,1,1,2698,2698,1,1,2698,2698,"","Y"
"06005368001",1175795,"CA","Wastewater","Receiving Collection",12524,12524,,,12524,12524,0,0,1,1,12524,12524,,,,,"","Y"
"06008006001",1175950,"CA","Wastewater","Receiving Collection",156859,270153,,,245333,381175,0,0,1,1,245333,381175,0.6,0.6,147200,147200,"Y","Y"
"06004026001",1175512,"CA","Wastewater","Receiving Collection",53243,53243,2117,2117,74314,74314,2117,2117,1,1,74314,74314,0.4,0.4,29726,29726,"Y","Y"
"06005205001",1175708,"CA","Wastewater","Receiving Collection",62764,69300,,,62764,69300,0,0,1,1,62764,69300,0.35,0.35,21967,21967,"","Y"
"06006065001",1175901,"CA","Wastewater","Receiving Collection",32400,36663,,,32400,36663,0,0,0,0,0,0,,,,,"Y",""
"06008039001",1175993,"CA","Wastewater","Receiving Collection",1258,1258,,,1258,1258,0,0,0,0,0,0,,,,,"Y",""
"06001007001",1175174,"CA","Wastewater","Receiving Collection",1076,1076,,,1076,1076,0,0,1,1,1076,1076,,,,,"","Y"
"06005014001",1175536,"CA","Wastewater","Receiving Collection",104,105,,,104,105,0,0,1,1,104,105,1,1,104,104,"","Y"
"06005200001",1175704,"CA","Wastewater","Receiving Collection",2919,2919,,,2919,2919,0,0,1,1,2919,2919,,,,,"","Y"
"06005366001",1175793,"CA","Wastewater","Receiving Collection",666,614,,,666,614,0,0,1,1,666,614,1,1,666,666,"","Y"
"06006001001",1175854,"CA","Wastewater","Receiving Collection",1048,1048,2964,2964,1048,1048,2964,2964,0,0,0,0,,,,,"Y",""
"06006049001",1175898,"CA","Wastewater","Receiving Collection",3600,4358,1376,1376,3600,4358,1376,1376,1,1,3600,4358,1,1,3600,3600,"","Y"
"06008060001",1176008,"CA","Wastewater","Receiving Collection",309132,309132,,,309132,309132,0,0,0,0,0,0,,,,,"Y",""
"06008071001",1176017,"CA","Wastewater","Receiving Collection",93528,93528,,,93528,93528,0,0,0,0,0,0,,,,,"Y",""
"06000000153",3608861,"CA","Wastewater","Receiving Collection",0,16898,,,0,16898,0,0,1,1,0,16898,0,1,0,0,"","Y"
"06002006001",1175267,"CA","Wastewater","Receiving Collection",90000,112500,,,142953,165453,0,0,1,1,142953,165453,0.22,0.25,31450,35738,"Y","Y"
"06002015001",1175274,"CA","Wastewater","Receiving Collection",26100,27327,,,30981,32183,0,0,1,1,30981,32183,,,,,"Y","Y"
"06002036001",1175294,"CA","Wastewater","Receiving Collection",609638,609638,,,1134202,1259206,0,0,1,1,1134202,1259206,0.05,0.05,56710,56710,"Y",""
"06005018001",1175539,"CA","Wastewater","Receiving Collection",1890,1890,,,1890,1890,0,0,1,1,1890,1890,,,,,"","Y"
"06005057001",1175576,"CA","Wastewater","Receiving Collection",756,736,,,756,736,0,0,1,1,756,736,1,1,756,756,"","Y"
"06005082016",1175604,"CA","Wastewater","Receiving Collection",86,86,,,86,86,0,0,1,1,86,86,1,1,86,86,"","Y"
"06005329001",1175773,"CA","Wastewater","Receiving Collection",9000,9000,,,9000,9000,0,0,1,1,9000,9000,,,,,"","Y"
"06008048001",1176002,"CA","Wastewater","Receiving Collection",56348,61650,,,56348,61650,0,0,0,0,0,0,,,,,"Y",""
"06000000123",3608282,"CA","Wastewater","Receiving Collection",9000,9000,,,9000,9000,0,0,1,1,9000,9000,1,1,9000,9000,"","Y"
"06005279001",1238822,"CA","Wastewater","Receiving Collection",1890,1958,,,1890,1958,0,0,1,1,1890,1958,,,,,"","Y"
"06008010008",410633,"CA","Wastewater","Receiving Collection",190800,200700,,,190800,200700,0,0,0,0,0,0,,,,,"Y",""
"06001055001",1175221,"CA","Wastewater","Receiving Collection",1350,1755,,,1350,1755,0,0,1,1,1350,1755,0.3,0.3,405,405,"","Y"
"06002010001",1175271,"CA","Wastewater","Receiving Collection",3397,3397,,,3397,3397,0,0,0,0,0,0,,,,,"Y",""
"06002081001",1175339,"CA","Wastewater","Receiving Collection",320490,366928,,,320490,366928,0,0,1,1,320490,366928,,,,,"","Y"
"06005109001",1175641,"CA","Wastewater","Receiving Collection",14799,14799,773,773,15950,16289,1546,1546,1,1,15950,16289,1,1,15950,15950,"Y","Y"
"06005139001",1175660,"CA","Wastewater","Receiving Collection",572,997,,,572,997,0,0,0,0,0,0,,,,,"Y",""
"06005169001",1175684,"CA","Wastewater","Receiving Collection",632,632,,,632,632,0,0,1,1,632,632,1,1,632,632,"","Y"
"06008011001",1175962,"CA","Wastewater","Receiving Collection",172800,329081,,,172800,329081,0,0,0,0,0,0,,,,,"Y",""
"06001092001",2875821,"CA","Wastewater","Receiving Collection",1040,1170,,,1040,1170,0,0,1,1,1040,1170,1,1,1040,1040,"","Y"
"06000000304",3612733,"CA","Wastewater","Receiving Collection",1884,2000,,,1884,2000,0,0,1,1,1884,2000,1,1,1884,1884,"","Y"
"06000000091",3607829,"CA","Wastewater","Receiving Collection",33378,29893,,,33378,29893,0,0,1,1,33378,29893,0.2,0.2,6676,6676,"","Y"
"06005155001",1175673,"CA","Wastewater","Receiving Collection",18615,18615,,,18615,18615,0,0,0,0,0,0,,,,,"Y",""
"06000000116",3608102,"CA","Wastewater","Receiving Collection",0,0,0,0,0,0,0,0,1,1,0,0,,,,,"Y","Y"
"06000000117",3608103,"CA","Wastewater","Receiving Collection",0,0,0,0,74519,132939,0,0,1,1,74519,132939,1,1,74519,74519,"Y","Y"
"06000000068",3606909,"CA","Wastewater","Receiving Collection",0,0,0,0,184091,206838,0,0,1,1,184091,206838,,,,,"Y","Y"
"06000000137",3608581,"CA","Wastewater","Receiving Collection",24854,25457,,,24854,25457,0,0,1,1,24854,25457,1,1,24854,24854,"","Y"
"06002118001",1175353,"CA","Wastewater","Receiving Collection",55406,58500,,,55406,58500,0,0,1,1,55406,58500,0.78,1,43217,55406,"","Y"
"06003076001",1175443,"CA","Wastewater","Receiving Collection",40500,55800,,,40500,55800,0,0,0,0,0,0,,,,,"Y",""
"06004006001",1175461,"CA","Wastewater","Receiving Collection",102082,108000,,,102082,108000,0,0,1,0.8,102082,86400,0.05,0.05,5104,5104,"Y",""
"06004027001",1175513,"CA","Wastewater","Receiving Collection",190884,360000,,,212912,379825,0,0,0.65,0.65,138393,246886,,,,,"Y",""
"06005086001",1175607,"CA","Wastewater","Receiving Collection",14123,14123,,,14123,14123,0,0,1,1,14123,14123,1,1,14123,14123,"","Y"
"06005253001",1175738,"CA","Wastewater","Receiving Collection",9630,15810,,,9630,15810,0,0,1,1,9630,15810,,,,,"","Y"
"06005668001",1175843,"CA","Wastewater","Receiving Collection",1139,1139,,,1139,1139,0,0,0,0,0,0,,,,,"Y",""
"06006041001",1175894,"CA","Wastewater","Receiving Collection",19371,25179,,,19371,25179,0,0,1,1,19371,25179,1,1,19371,19371,"","Y"
"06007023001",1175931,"CA","Wastewater","Receiving Collection",5400,5850,,,5400,5850,0,0,1,1,5400,5850,,,,,"","Y"
"06008007001",1175956,"CA","Wastewater","Receiving Collection",44618,50400,5589,5589,44618,50400,5589,5589,1,1,44618,50400,1,1,44618,44618,"","Y"
"06008016002",1175968,"CA","Wastewater","Receiving Collection",10868,10131,,,10868,10131,0,0,0,0,0,0,,,,,"Y",""
"06008052001",1176004,"CA","Wastewater","Receiving Collection",135000,140400,6350,6350,135000,140400,6350,6350,1,1,135000,140400,0.03,0.03,4050,4050,"","Y"
"06009009001",1176040,"CA","Wastewater","Receiving Collection",36000,39461,,,36000,39461,0,0,0,0,0,0,,,,,"Y",""
"06009077001",1176096,"CA","Wastewater","Receiving Collection",153000,153000,,,153000,153000,0,0,0,0,0,0,,,,,"Y",""
"06002084001",1175341,"CA","Wastewater","Receiving Collection",32400,37802,,,32400,37802,0,0,0,0,0,0,,,,,"Y",""
"06003020001",1175387,"CA","Wastewater","Receiving Collection",6192,6192,,,6192,6192,0,0,0,0,0,0,,,,,"Y",""
"06003021001",1175388,"CA","Wastewater","Receiving Collection",38579,49500,,,74129,91524,0,0,1,1,74129,91524,0.32,0.32,23721,23721,"Y","Y"
"06003029002",1175397,"CA","Wastewater","Receiving Collection",147188,161205,,,147188,161205,0,0,0,0,0,0,,,,,"Y",""
"06005031001",1175553,"CA","Wastewater","Receiving Collection",9000,12600,,,9000,12600,0,0,1,1,9000,12600,,,,,"","Y"
"06007007001",1175913,"CA","Wastewater","Receiving Collection",7200,6371,,,7200,6371,0,0,1,1,7200,6371,,,,,"","Y"
"06008062001",1176010,"CA","Wastewater","Receiving Collection",257670,288428,,,257670,288428,0,0,0,0,0,0,,,,,"Y",""
"06009019002",1176051,"CA","Wastewater","Receiving Collection",29753,29339,,,29753,29339,0,0,0,0,0,0,,,,,"Y",""
"06000000075",3607083,"CA","Wastewater","Receiving Collection",32458,32653,,,32458,32653,0,0,0,0,0,0,,,,,"Y",""
"06000000294",3612365,"CA","Wastewater","Receiving Collection",562,675,,,562,675,0,0,1,1,562,675,1,1,562,562,"","Y"
"06000000168",3609128,"CA","Wastewater","Receiving Collection",81000,81000,,,81000,81000,0,0,0,0,0,0,,,,,"Y",""
"06000000171",3609136,"CA","Wastewater","Receiving Collection",179100,179100,0,0,251100,258300,0,0,1,1,251100,258300,,,,,"Y","Y"
"06000000176",3609213,"CA","Wastewater","Receiving Collection",28249,28762,,,28249,28762,0,0,0,0,0,0,,,,,"Y",""
"06000000310",3612940,"CA","Wastewater","Receiving Collection",510,18,,,510,18,0,0,1,1,510,18,1,1,510,510,"","Y"
"06005227002",3520617,"CA","Wastewater","Receiving Collection",91800,141372,,,112320,168372,0,0,1,1,112320,168372,,,,,"Y","Y"
"06004009001",1175477,"CA","Wastewater","Receiving Collection",3039577,3308824,0,0,3353576,3632460,0,0,1,1,3353576,3632460,,,,,"Y","Y"
"06000000197",3609544,"CA","Wastewater","Receiving Collection",99000,110700,,,99000,110700,0,0,0,0,0,0,,,,,"Y",""
"06000000115",3608101,"CA","Wastewater","Receiving Collection",0,0,0,0,0,0,0,0,1,1,0,0,,,,,"Y","Y"
"06000000149",3608850,"CA","Wastewater","Receiving Collection",44449,54000,,,44449,54000,0,0,0,0,0,0,,,,,"Y",""
"06000000309",3612938,"CA","Wastewater","Receiving Collection",166,106,,,166,106,0,0,1,1,166,106,1,1,166,166,"","Y"
"06005285001",1238823,"CA","Wastewater","Receiving Collection",2820,2820,,,2820,2820,0,0,1,1,2820,2820,,,,,"","Y"
"06004037001",2833022,"CA","Wastewater","Receiving Collection",2487,3083,,,2487,3083,0,0,0,0,0,0,,,,,"Y",""
"06009020001",1176052,"CA","Wastewater","Receiving Collection",2851,2926,,,2851,2926,0,0,1,1,2851,2926,1,1,2851,2851,"","Y"
"06009035001",1176074,"CA","Wastewater","Receiving Collection",90098,98100,,,90098,98100,0,0,0,0,0,0,,,,,"Y",""
"06008010005",3486593,"CA","Wastewater","Receiving Collection",0,0,0,0,141682,179276,0,0,1,1,141682,179276,0.4,0.4,56673,56673,"Y","Y"
"06008022001",1175976,"CA","Wastewater","Receiving Collection",0,0,0,0,1061827,1087993,0,0,0.05,0.05,53091,54400,,,,,"Y",""
"06000000073",3607081,"CA","Wastewater","Receiving Collection",0,0,0,0,207450,207450,0,0,1,1,207450,207450,0.2,0.2,41490,41490,"Y","Y"
"06002037001",1175295,"CA","Wastewater","Receiving Collection",221,221,,,221,221,0,0,0,0,0,0,,,,,"Y",""
"06002104001",1175345,"CA","Wastewater","Receiving Collection",28008,33435,,,28008,33435,0,0,0,0,0,0,,,,,"Y",""
"06006009002",3522480,"CA","Wastewater","Receiving Collection",29053,29053,,,29053,29053,0,0,0,1,0,29053,0,1,0,0,"Y",""
"06001069001",1175228,"CA","Wastewater","Receiving Collection",676,743,,,676,743,0,0,1,1,676,743,,,,,"","Y"
"06003037001",1175402,"CA","Wastewater","Receiving Collection",86400,87300,,,86400,87300,0,0,1,1,86400,87300,0.1,0.1,8640,8640,"","Y"
"06005113001",1175644,"CA","Wastewater","Receiving Collection",1524,1524,53,53,1524,1524,53,53,1,1,1524,1524,1,1,1524,1524,"","Y"
"06005114001",1175645,"CA","Wastewater","Receiving Collection",109,127,,,109,127,0,0,1,1,109,127,1,1,109,109,"","Y"
"06006004001",1175857,"CA","Wastewater","Receiving Collection",33011,37007,39174,39174,33011,37007,39174,39174,1,1,33011,37007,1,1,33011,33011,"","Y"
"06009058001",1176089,"CA","Wastewater","Receiving Collection",557,557,1058,1058,557,557,1058,1058,1,1,557,557,1,1,557,557,"","Y"
"06001001001",1175167,"CA","Wastewater","Receiving Collection",889,889,988,988,889,889,988,988,1,1,889,889,1,1,889,889,"","Y"
"06002052001",1175310,"CA","Wastewater","Receiving Collection",126491,132138,,,126491,132138,0,0,0,0,0,0,,,,,"Y",""
"06002009001",1175270,"CA","Wastewater","Receiving Collection",1890,2070,,,1890,2070,0,0,0,0,0,0,,,,,"Y",""
"06002071001",1175331,"CA","Wastewater","Receiving Collection",51332,54000,,,51332,54000,0,0,1,1,51332,54000,0.24,0.24,12320,12320,"","Y"
"06003003001",1175374,"CA","Wastewater","Receiving Collection",0,0,1000,1000,0,0,1000,1000,1,1,0,0,1,1,0,0,"","Y"
"06003058001",1175426,"CA","Wastewater","Receiving Collection",720,720,,,720,720,0,0,1,1,720,720,,,,,"","Y"
"06003070001",1175438,"CA","Wastewater","Receiving Collection",7799,7799,,,7799,7799,0,0,1,1,7799,7799,1,1,7799,7799,"","Y"
"06004011010",1175498,"CA","Wastewater","Receiving Collection",952,1019,106,106,952,1019,106,106,1,1,952,1019,1,1,952,952,"","Y"
"06005011001",1175532,"CA","Wastewater","Receiving Collection",82778,82778,2117,2117,82778,82778,2117,2117,1,1,82778,82778,0.1,0.1,8278,8278,"","Y"
"06005025001",1175546,"CA","Wastewater","Receiving Collection",315000,393597,1058,1058,335503,416699,2590,2590,1,1,335503,416699,,,,,"Y","Y"
"06005025003",1175547,"CA","Wastewater","Receiving Collection",75,75,1532,1532,75,75,1532,1532,0,0,0,0,,,,,"Y",""
"06005097001",1175617,"CA","Wastewater","Receiving Collection",1168,1440,529,529,1168,1440,529,529,1,1,1168,1440,1,1,1168,1168,"","Y"
"06003081001",1175445,"CA","Wastewater","Receiving Collection",34200,45900,,,62019,74458,0,0,1,1,62019,74458,,,,,"Y","Y"
"06004001001",1175456,"CA","Wastewater","Receiving Collection",180000,193500,1058,1058,180000,193500,1058,1058,0,0,0,0,,,,,"Y",""
"06004051001",427399,"CA","Wastewater","Receiving Collection",202,444,,,202,444,0,0,0,0,0,0,,,,,"Y",""
"06003010001",1175379,"CA","Wastewater","Receiving Collection",69220,90000,2879,2879,75026,95827,11558,11558,1,1,75026,95827,,,,,"Y","Y"
"06004012500",3531736,"CA","Wastewater","Receiving Collection",132618,132618,,,132618,132618,0,0,0,0,0,0,,,,,"Y",""
"06001014001",433503,"CA","Wastewater","Receiving Collection",630,618,,,630,618,0,0,1,1,630,618,,,,,"","Y"
"06001006001",1175172,"CA","Wastewater","Receiving Collection",16200,16200,,,16200,16200,0,0,0,0,0,0,,,,,"Y",""
"06003042001",1175409,"CA","Wastewater","Receiving Collection",1058,721,,,1058,721,0,0,1,1,1058,721,,,,,"","Y"
"06004008010",1175469,"CA","Wastewater","Receiving Collection",10638,11070,0,0,10638,11070,0,0,1,1,10638,11070,1,1,10638,10638,"","Y"
"06005023002",1175544,"CA","Wastewater","Receiving Collection",10247,13050,,,10247,13050,0,0,1,1,10247,13050,0.1,0.1,1025,1025,"","Y"
"06005121001",1175652,"CA","Wastewater","Receiving Collection",2806,4009,,,2987,4230,0,0,1,1,2987,4230,1,1,2987,2987,"Y","Y"
"06007013001",1175921,"CA","Wastewater","Receiving Collection",4991,4991,,,4991,4991,0,0,1,1,4991,4991,,,,,"","Y"
"06008018001",1175971,"CA","Wastewater","Receiving Collection",73169,73169,,,73169,73169,0,0,0,0,0,0,,,,,"Y",""
"06008036001",1175991,"CA","Wastewater","Receiving Collection",23586,25596,,,23586,25596,0,0,0,0,0,0,,,,,"Y",""
"06008068001",1176014,"CA","Wastewater","Receiving Collection",331491,342900,,,331491,342900,0,0,0,0,0,0,,,,,"Y",""
"06008073001",1176019,"CA","Wastewater","Receiving Collection",68047,71068,,,68047,71068,0,0,0,0,0,0,,,,,"Y",""
"06009005001",1176036,"CA","Wastewater","Receiving Collection",95367,108000,,,95367,108000,0,0,0,0,0,0,,,,,"Y",""
"06009049001",1176086,"CA","Wastewater","Receiving Collection",24300,24749,,,24300,24749,0,0,0,0,0,0,,,,,"Y",""
"06003016001",1175384,"CA","Wastewater","Receiving Collection",3456,3456,,,3456,3456,0,0,1,1,3456,3456,1,1,3456,3456,"","Y"
"06003028001",1175395,"CA","Wastewater","Receiving Collection",7743,7743,,,7743,7743,0,0,1,1,7743,7743,,,,,"","Y"
"06005047001",1175567,"CA","Wastewater","Receiving Collection",8010,6381,,,8010,6381,0,0,1,1,8010,6381,1,1,8010,8010,"","Y"
"06005082021",3489196,"CA","Wastewater","Receiving Collection",1080,2858,,,1080,2858,0,0,1,1,1080,2858,0.9,0.9,972,972,"","Y"
"06001032001",1175200,"CA","Wastewater","Receiving Collection",941,918,,,941,918,0,0,1,1,941,918,0.1,0.1,94,94,"","Y"
"06005079001",1175597,"CA","Wastewater","Receiving Collection",25356,28295,,,25356,28295,0,0,1,1,25356,28295,1,1,25356,25356,"","Y"
"06005198001",1175702,"CA","Wastewater","Receiving Collection",12330,14400,,,12330,14400,0,0,1,1,12330,14400,,,,,"","Y"
"06005319001",1175766,"CA","Wastewater","Receiving Collection",1170,822,,,1170,822,0,0,1,1,1170,822,1,1,1170,1170,"","Y"
"06005511002",1175815,"CA","Wastewater","Receiving Collection",1277,2473,,,1277,2473,0,0,1,1,1277,2473,1,1,1277,1277,"","Y"
"06008077001",1176023,"CA","Wastewater","Receiving Collection",72248,72248,,,72248,72248,0,0,0,0,0,0,,,,,"Y",""
"06009014002",1176046,"CA","Wastewater","Receiving Collection",0,0,,,36314,39286,0,0,1,1,36314,39286,1,1,36314,36314,"Y","Y"
"06003019001",1175386,"CA","Wastewater","Receiving Collection",1067,1067,,,1067,1067,0,0,1,1,1067,1067,,,,,"","Y"
"06003048001",1175416,"CA","Wastewater","Receiving Collection",3723,3953,,,3723,3953,0,0,0,0,0,0,,,,,"Y",""
"06008021001",1175975,"CA","Wastewater","Receiving Collection",160200,165600,,,160200,165600,0,0,0,0,0,0,,,,,"Y",""
"06009004001",1176034,"CA","Wastewater","Receiving Collection",29352,32625,,,29352,32625,0,0,1,1,29352,32625,,,,,"","Y"
"06006001004",3483670,"CA","Wastewater","Receiving Collection",476,476,,,476,476,0,0,0,0,0,0,,,,,"Y",""
"06001002001",1175168,"CA","Wastewater","Receiving Collection",1387,1387,,,1387,1387,0,0,1,1,1387,1387,1,1,1387,1387,"","Y"
"06002008001",1175269,"CA","Wastewater","Receiving Collection",138290,173433,,,138290,173433,0,0,1,1,138290,173433,0.05,0.05,6915,6915,"","Y"
"06002060003",1175317,"CA","Wastewater","Receiving Collection",215,215,318,318,215,215,318,318,1,1,215,215,1,1,215,215,"","Y"
"06005027001",1175549,"CA","Wastewater","Receiving Collection",72000,90000,,,72000,90000,0,0,0,0,0,0,,,,,"Y",""
"06005060001",1175579,"CA","Wastewater","Receiving Collection",4889,5510,8463,8463,4889,5510,8463,8463,0,0,0,0,,,,,"Y",""
"06005076001",1175594,"CA","Wastewater","Receiving Collection",244,144,,,244,144,0,0,0,0,0,0,,,,,"Y",""
"06002034002",1175292,"CA","Wastewater","Total Receiving Treatment",0,0,0,0,3811,3811,0,0,1,1,3811,3811,,,,,"Y","Y"
"06002044004",1175304,"CA","Wastewater","Total Receiving Treatment",0,0,0,0,54611,61186,0,0,1,1,54611,61186,,,,,"Y","Y"
"06002058001",1175315,"CA","Wastewater","Total Receiving Treatment",0,0,0,0,22558,22577,0,0,1,1,22558,22577,,,,,"Y","Y"
"06002125001",1175358,"CA","Wastewater","Total Receiving Treatment",0,0,0,0,132161,141528,6350,6350,1,1,132161,141528,,,,,"Y","Y"
"06005060004",1175582,"CA","Wastewater","Total Receiving Treatment",0,0,0,0,6895,7738,12449,12449,0,0,0,0,,,,,"Y",""
"06005099001",1175619,"CA","Wastewater","Total Receiving Treatment",0,0,0,0,256,262,0,0,1,1,256,262,,,,,"Y","Y"
"06008023001",2942642,"CA","Wastewater","Total Receiving Treatment",0,0,0,0,309132,309132,0,0,0,0,0,0,,,,,"Y",""
"06008023002",2945322,"CA","Wastewater","Total Receiving Treatment",0,0,0,0,740946,769910,0,0,0,0,0,0,,,,,"Y",""
"06008023003",2945422,"CA","Wastewater","Total Receiving Treatment",0,0,0,0,590277,636342,529,529,0,0,0,0,,,,,"Y",""
"06008023005",2942682,"CA","Wastewater","Total Receiving Treatment",0,0,0,0,76729,81145,0,0,0,0,0,0,,,,,"Y",""
"06008023006",2942689,"CA","Wastewater","Total Receiving Treatment",0,0,0,0,98730,102150,0,0,0,0,0,0,,,,,"Y",""
"06008023011",2944164,"CA","Wastewater","Total Receiving Treatment",0,0,0,0,181194,197824,0,0,0,0,0,0,,,,,"Y",""
"06008023014",2944225,"CA","Wastewater","Total Receiving Treatment",0,0,0,0,0,0,0,0,0,0,0,0,,,,,"Y",""
"06001009001",1175176,"CA","Wastewater","Receiving Collection",837,822,,,837,822,0,0,1,1,837,822,,,,,"","Y"
"06002018001",1175277,"CA","Wastewater","Receiving Collection",63622,63622,47628,47628,63622,63622,47628,47628,0,0,0,0,,,,,"Y",""
"06005032001",1175554,"CA","Wastewater","Receiving Collection",6819,7083,,,6819,7083,0,0,1,1,6819,7083,1,1,6819,6819,"","Y"
"06005055001",1175574,"CA","Wastewater","Receiving Collection",857,857,,,857,857,0,0,1,1,857,857,0.5,0.5,429,429,"","Y"
"06005143001",1175664,"CA","Wastewater","Receiving Collection",6750,6624,,,6750,6624,0,0,1,1,6750,6624,1,1,6750,6750,"","Y"
"06005367001",1175794,"CA","Wastewater","Receiving Collection",1170,1018,,,1170,1018,0,0,1,1,1170,1018,0.5,0.5,585,585,"","Y"
"06002045001",1175305,"CA","Wastewater","Receiving Collection",116514,116514,,,116514,116514,0,0,0,0,0,0,,,,,"Y",""
"06002063001",1175322,"CA","Wastewater","Receiving Collection",7560,7560,,,9450,9630,0,0,1,1,9450,9630,,,,,"Y","Y"
"06004022002",1175509,"CA","Wastewater","Receiving Collection",1002,1002,,,1002,1002,0,0,1,1,1002,1002,,,,,"","Y"
"06005082007",1175602,"CA","Wastewater","Receiving Collection",2651,2839,,,2651,2839,0,0,1,1,2651,2839,1,1,2651,2651,"","Y"
"06005235001",1175722,"CA","Wastewater","Receiving Collection",17368,18589,,,17368,18589,0,0,1,1,17368,18589,1,1,17368,17368,"","Y"
"06005693001",1175847,"CA","Wastewater","Receiving Collection",450,522,,,450,522,0,0,1,1,450,522,1,1,450,450,"","Y"
"06008009001",1175958,"CA","Wastewater","Receiving Collection",84678,112931,,,84678,112931,0,0,0,0,0,0,,,,,"Y",""
"06008020001",1175973,"CA","Wastewater","Receiving Collection",104926,111560,,,104926,111560,0,0,1,1,104926,111560,0.45,0.45,47217,47217,"","Y"
"06009040001",1176078,"CA","Wastewater","Receiving Collection",94500,94500,,,94500,94500,0,0,0.3,0.3,28350,28350,,,,,"Y",""
"06006007001",1175860,"CA","Wastewater","Receiving Collection",5958,5958,6620,6620,5958,5958,6620,6620,0,0,0,0,,,,,"Y",""
"06006011001",1175864,"CA","Wastewater","Receiving Collection",788,788,2117,2117,788,788,2117,2117,1,1,788,788,1,1,788,788,"","Y"
"06008045001",1175999,"CA","Wastewater","Receiving Collection",39764,54900,,,39764,54900,0,0,0,0,0,0,,,,,"Y",""
"06008076001",1176022,"CA","Wastewater","Receiving Collection",126866,133361,,,126866,133361,0,0,0,0,0,0,,,,,"Y",""
"06008010004",3486590,"CA","Wastewater","Receiving Collection",0,0,,,125940,159357,0,0,1,1,125940,159357,0.4,0.4,50376,50376,"Y","Y"
"06002176001",412968,"CA","Wastewater","Receiving Collection",10143,11273,,,10143,11273,0,0,0,0,0,0,,,,,"Y",""
"06003092001",397897,"CA","Wastewater","Receiving Collection",6192,6719,,,6192,6719,0,0,0,0,0,0,,,,,"Y",""
"06003094001",406088,"CA","Wastewater","Receiving Collection",16471,18000,,,16471,18000,0,0,0,0,0,0,,,,,"Y",""
"06005061001",1238816,"CA","Wastewater","Receiving Collection",46800,46800,,,46800,46800,0,0,1,1,46800,46800,0.2,0.2,9360,9360,"","Y"
"06002047001",1175307,"CA","Wastewater","Receiving Collection",110442,110442,,,110442,110442,0,0,1,1,110442,110442,,,,,"","Y"
"06003008001",1175377,"CA","Wastewater","Receiving Collection",11008,12236,508,508,11008,12236,508,508,1,1,11008,12236,,,,,"","Y"
"06003063001",1175430,"CA","Wastewater","Receiving Collection",38970,51750,,,38970,51750,0,0,1,1,38970,51750,1,1,38970,38970,"","Y"
"06005071001",1175590,"CA","Wastewater","Receiving Collection",40026,47217,,,40026,47217,0,0,1,1,40026,47217,1,1,40026,40026,"","Y"
"06009023001",1176055,"CA","Wastewater","Receiving Collection",23950,28256,,,23950,28256,0,0,0,0,0,0,,,,,"Y",""
"06009030001",1176065,"CA","Wastewater","Receiving Collection",80968,80968,,,80968,80968,0,0,0,0,0,0,,,,,"Y",""
"06002011001",1175272,"CA","Wastewater","Receiving Collection",33300,39208,,,37523,43431,0,0,1,1,37523,43431,,,,,"Y","Y"
"06002064001",1175324,"CA","Wastewater","Receiving Collection",8111,8111,,,8111,8111,0,0,1,1,8111,8111,,,,,"","Y"
"06002127001",1175359,"CA","Wastewater","Receiving Collection",2970,3725,,,2970,3725,0,0,1,1,2970,3725,0.4,0.4,1188,1188,"","Y"
"06003036001",1175401,"CA","Wastewater","Receiving Collection",496,452,3704,3704,496,452,3704,3704,1,1,496,452,1,1,496,496,"","Y"
"06003040001",1175407,"CA","Wastewater","Receiving Collection",97200,126000,,,97200,126000,0,0,1,1,97200,126000,1,1,97200,97200,"","Y"
"06004007001",1175462,"CA","Wastewater","Receiving Collection",117000,117900,,,117000,117900,0,0,1,1,117000,117900,,,,,"","Y"
"06005046001",1175566,"CA","Wastewater","Receiving Collection",5040,6660,,,5040,6660,0,0,1,1,5040,6660,,,,,"","Y"
"06005272001",1175747,"CA","Wastewater","Receiving Collection",1581,1581,,,1581,1581,0,0,1,1,1581,1581,1,1,1581,1581,"","Y"
"06005774001",1175850,"CA","Wastewater","Receiving Collection",20428,23027,,,20428,23027,0,0,0,0,0,0,,,,,"Y",""
"06007018001",1175927,"CA","Wastewater","Receiving Collection",1890,1867,,,1890,1867,0,0,1,1,1890,1867,,,,,"","Y"
"06008027001",1175982,"CA","Wastewater","Receiving Collection",2805,2805,3546,3546,4206,4206,8098,8098,1,1,4206,4206,1,1,4206,4206,"Y","Y"
"06008085001",1176028,"CA","Wastewater","Receiving Collection",175686,302572,,,175686,302572,0,0,1,1,175686,302572,0.6,0.6,105412,105412,"","Y"
"06001038001",1175204,"CA","Wastewater","Receiving Collection",1810,1810,953,953,1810,1810,953,953,1,1,1810,1810,,,,,"","Y"
"06002034001",1175291,"CA","Wastewater","Receiving Collection",3811,3811,,,3811,3811,0,0,0,0,0,0,,,,,"Y",""
"06002072001",1175334,"CA","Wastewater","Receiving Collection",16200,16200,,,21749,21749,0,0,1,1,21749,21749,,,,,"Y","Y"
"06005019002",3478130,"CA","Wastewater","Receiving Collection",27753,56192,,,27753,56192,0,0,1,1,27753,56192,1,1,27753,27753,"","Y"
"06001082001",1175233,"CA","Wastewater","Receiving Collection",10980,10980,,,10980,10980,0,0,1,1,10980,10980,0.5,0.5,5490,5490,"","Y"
"06002033001",1175290,"CA","Wastewater","Receiving Collection",74970,74970,,,74970,74970,0,0,1,1,74970,74970,0.3,0.3,22491,22491,"","Y"
"06002035001",1175293,"CA","Wastewater","Receiving Collection",52391,52391,,,52391,52391,0,0,0,0,0,0,,,,,"Y",""
"06002067001",1175327,"CA","Wastewater","Receiving Collection",60964,60964,,,60964,60964,0,0,0,0,0,0,,,,,"Y",""
"06003053001",1175421,"CA","Wastewater","Receiving Collection",9050,9050,,,9050,9050,0,0,1,1,9050,9050,,,,,"","Y"
"06003060001",1175427,"CA","Wastewater","Receiving Collection",0,0,,,95848,131813,0,0,1,1,95848,131813,0.8,0.8,76678,76678,"Y","Y"
"06005074001",1175592,"CA","Wastewater","Receiving Collection",362,362,,,362,362,0,0,1,1,362,362,1,1,362,362,"","Y"
"06005490001",1175810,"CA","Wastewater","Receiving Collection",256,262,,,256,262,0,0,0,0,0,0,,,,,"Y",""
"06005780001",1175851,"CA","Wastewater","Receiving Collection",737,737,106,106,737,737,106,106,1,1,737,737,1,1,737,737,"","Y"
"06007019001",1175928,"CA","Wastewater","Receiving Collection",2030,1890,,,2030,1890,0,0,1,1,2030,1890,,,,,"","Y"
"06007041001",1175940,"CA","Wastewater","Receiving Collection",726,726,,,726,726,0,0,1,1,726,726,1,1,726,726,"","Y"
"06008070001",1176016,"CA","Wastewater","Receiving Collection",23056,23056,,,23056,23056,0,0,0,0,0,0,,,,,"Y",""
"06008075001",1176021,"CA","Wastewater","Receiving Collection",5196,5248,,,5196,5248,0,0,0,0,0,0,,,,,"Y",""
"06005000001",3514617,"CA","Wastewater","Receiving Collection",48273,48388,,,48273,48388,0,0,0,0,0,0,,,,,"Y",""
"06005094001",1238819,"CA","Wastewater","Receiving Collection",995,995,741,741,995,995,741,741,1,1,995,995,1,1,995,995,"","Y"
"06001010005",1175180,"CA","Wastewater","Receiving Collection",25200,20695,,,41400,36895,0,0,1,1,41400,36895,,,,,"Y","Y"
"06002109001",1175348,"CA","Wastewater","Receiving Collection",77127,77127,,,77127,77127,0,0,0,0,0,0,,,,,"Y",""
"06003038001",1175403,"CA","Wastewater","Receiving Collection",667,667,,,667,667,0,0,1,1,667,667,1,1,667,667,"","Y"
"06005249003",1175735,"CA","Wastewater","Receiving Collection",42396,58500,1123,1123,42396,58500,1123,1123,1,1,42396,58500,0.42,0.42,17806,17806,"","Y"
"06004004001",1175459,"CA","Wastewater","Receiving Collection",37043,40604,25767,25767,37043,40604,25767,25767,0,0,0,0,,,,,"Y",""
"06004013001",1175500,"CA","Wastewater","Receiving Collection",30101,30101,,,30101,30101,0,0,0,0,0,0,,,,,"Y",""
"06005147001",1175667,"CA","Wastewater","Receiving Collection",92700,92700,,,92700,92700,0,0,0,0,0,0,,,,,"Y",""
"06005345001",1175781,"CA","Wastewater","Receiving Collection",2550,2570,,,2550,2570,0,0,1,1,2550,2570,1,1,2550,2550,"","Y"
"06006031001",1175885,"CA","Wastewater","Receiving Collection",1338,1338,,,1338,1338,0,0,1,1,1338,1338,1,1,1338,1338,"","Y"
"06008016003",1175969,"CA","Wastewater","Receiving Collection",14288,14288,,,113419,139430,0,0,1,1,113419,139430,,,,,"Y","Y"
"06009014001",1176045,"CA","Wastewater","Receiving Collection",57154,57154,,,57154,57154,0,0,0,0,0,0,,,,,"Y",""
"06005108001",1175640,"CA","Wastewater","Receiving Collection",6930,8622,,,6930,8622,0,0,1,1,6930,8622,1,1,6930,6930,"","Y"
"06005551001",1175825,"CA","Wastewater","Receiving Collection",286,286,,,286,286,0,0,1,1,286,286,1,1,286,286,"","Y"
"06008003001",1175947,"CA","Wastewater","Receiving Collection",11816,15048,,,11816,15048,0,0,0,0,0,0,,,,,"Y",""
"06008020003",3518636,"CA","Wastewater","Receiving Collection",9124,9701,,,9124,9701,0,0,1,1,9124,9701,1,1,9124,9124,"","Y"
"06001054001",1175220,"CA","Wastewater","Receiving Collection",2583,2408,,,2583,2408,0,0,1,1,2583,2408,1,1,2583,2583,"","Y"
"06002016001",1175275,"CA","Wastewater","Receiving Collection",76455,76455,,,76455,76455,0,0,0,0,0,0,,,,,"Y",""
"06002021001",1175279,"CA","Wastewater","Receiving Collection",171,171,,,171,171,0,0,1,1,171,171,,,,,"","Y"
"06004005003",1175460,"CA","Wastewater","Receiving Collection",28800,29790,,,28800,29790,0,0,0,0,0,0,,,,,"Y",""
"06005162001",1175680,"CA","Wastewater","Receiving Collection",2333,2333,,,2333,2333,0,0,1,1,2333,2333,0.25,0.25,583,583,"","Y"
"06009041001",1176079,"CA","Wastewater","Receiving Collection",38102,38102,,,38102,38102,0,0,1,1,38102,38102,0,0.25,0,9526,"","Y"
"06002125002",3509618,"CA","Wastewater","Receiving Collection",20,20,,,20,20,0,0,0,0,0,0,,,,,"Y",""
"06005296001",3408470,"CA","Wastewater","Receiving Collection",322,322,,,322,322,0,0,1,1,322,322,1,1,322,322,"","Y"
"06002079001",3480210,"CA","Wastewater","Receiving Collection",12383,12383,,,12383,12383,0,0,0,0,0,0,,,,,"Y",""
"06009080001",392614,"CA","Wastewater","Receiving Collection",56695,56695,,,56695,56695,0,0,1,1,56695,56695,1,1,56695,56695,"","Y"
"06005283001",3106372,"CA","Wastewater","Receiving Collection",6300,6300,,,6300,6300,0,0,1,1,6300,6300,1,1,6300,6300,"","Y"
"06005004001",1238814,"CA","Wastewater","Receiving Collection",53100,63000,,,53100,63000,0,0,1,1,53100,63000,0,0.4,0,21240,"","Y"
"06005360001",1238827,"CA","Wastewater","Receiving Collection",1506,1506,,,1506,1506,0,0,1,1,1506,1506,1,1,1506,1506,"","Y"
"06002174001",3008943,"CA","Wastewater","Receiving Collection",16609,13640,,,16609,13640,0,0,0,0,0,0,,,,,"Y",""
"06003026001",1175393,"CA","Wastewater","Receiving Collection",3158,2760,,,3158,2760,0,0,0,0,0,0,,,,,"Y",""
"06005161001",1175679,"CA","Wastewater","Receiving Collection",1800,1836,,,1800,1836,0,0,1,1,1800,1836,,,,,"","Y"
"06005204001",1175707,"CA","Wastewater","Receiving Collection",1547,1659,191,191,1547,1659,191,191,1,1,1547,1659,0.2,0.2,309,309,"","Y"
"06005266001",1175745,"CA","Wastewater","Receiving Collection",918,918,,,918,918,0,0,1,1,918,918,,,,,"","Y"
"06005347001",1175782,"CA","Wastewater","Receiving Collection",7786,8267,,,7786,8267,0,0,1,1,7786,8267,0.4,0.4,3114,3114,"","Y"
"06005681001",1175845,"CA","Wastewater","Receiving Collection",5918,6170,,,5918,6170,0,0,1,1,5918,6170,,,,,"","Y"
"06001079001",1175232,"CA","Wastewater","Receiving Collection",18630,19859,,,23872,25101,0,0,1,1,23872,25101,0.3,0.3,7162,7162,"Y","Y"
"06002017001",1175276,"CA","Wastewater","Receiving Collection",4936,4955,,,4936,4955,0,0,0,0,0,0,,,,,"Y",""
"06005008001",1175528,"CA","Wastewater","Receiving Collection",42865,42865,,,42865,42865,0,0,1,1,42865,42865,1,1,42865,42865,"","Y"
"06005028001",1175550,"CA","Wastewater","Receiving Collection",14796,18233,,,14796,18233,0,0,1,1,14796,18233,1,1,14796,14796,"","Y"
"06005261001",1175742,"CA","Wastewater","Receiving Collection",5760,4500,,,5760,4500,0,0,1,1,5760,4500,1,1,5760,5760,"","Y"
"06006018001",1175873,"CA","Wastewater","Receiving Collection",2381,2700,4869,4869,2381,2700,4869,4869,0,0,0,0,,,,,"Y",""
"06009031002",1176067,"CA","Wastewater","Receiving Collection",0,0,,,385024,444414,0,0,1,0.25,385024,111104,1,0.25,385024,96256,"Y",""
